PS.No,DMK,NPP,AIADMK,BSP,MGR MK,NTK,MNM,AMMK,MIP,Dhesiya MK,API,INDs,Win - I,Win - II,Win - III,Win - IV,Win - V,Difference,Total Valid Votes,Votes for NOTA option,No. of Rejected Votes,Total Votes,"Location and Name of Building in
which Polling Station Located",Polling Area
1,331,2,139,2,0,20,19,2,0,0,0,3,DMK,AIADMK,NTK,MNM,INDs,-192,518,4,0,522,"CSI Polytechnic College, Yercaud Main Road, Salem-636007,
East Facing Room No-112","Salem (C), D.7.Bharathi Nagar (Yercaud Road)"
2,365,0,97,0,0,20,18,1,0,0,0,1,DMK,AIADMK,NTK,MNM,AMMK,-268,502,3,0,505,"CSI Polytechnic College, Yercaud Main Road, Salem-636007,
East Facing Room No-113","Salem (C), D.7.Bharathi Nagar (Yercaud Road)"
3,336,0,384,1,0,29,36,4,0,0,0,6,AIADMK,DMK,MNM,NTK,INDs,0,796,7,0,803,"Anderson Matric Hr.Sec.School, Sengodagounder salai Salem, North Facing Terraced Building South Wing Room No 2A","Salem (C), D.7,Attukadu (Backside of Collector Bungalow),Salem (C), D.7,Sengodagounder  Salai"
4,430,2,146,0,0,23,51,1,0,0,0,0,DMK,AIADMK,MNM,NTK,NPP,-284,653,5,0,658,"CSI Polytechnic College, Yercaud Main Road, Salem-636007,
West Facing North Wing Room No-117","Salem (C), D.7,TamilnaduHousing Unit,Salem (C), D.7,Thirunagar"
5,424,0,171,1,0,31,53,4,0,0,0,0,DMK,AIADMK,MNM,NTK,AMMK,-253,684,5,0,689,"CSI Polytechnic College, Yercaud Main Road, Salem-636007, Southern Terraced Building North Facing Hall-DHG-1","Salem(C), D 7 Meenakshi Nagar,Salem(C), D 7 Meenakshi Nagar TVS Nagar"
6,373,2,401,0,1,29,26,3,0,0,0,8,AIADMK,DMK,NTK,MNM,INDs,0,843,4,0,847,"CSI Polytechnic College, Yercaud Main Road, Salem-636007, Southern Terraced Building North Facing Hall-DHG-2","Salem (C), D 7, Kannankurichi Main Road,Salem(C), D 7 Kallikadu (Kudisai Area),Salem(C), D 7 Kallikkadu"
7,470,1,291,0,0,50,64,2,0,0,0,1,DMK,AIADMK,MNM,NTK,AMMK,-179,879,13,0,892,"CSI Polytechnic College, Yercaud Main Road, Salem-636007, Southern Terraced Building North Facing Hall-DHG-3","Salem (C), D.7,Kambarstreet"
8,280,1,276,2,0,32,37,0,0,0,0,5,DMK,AIADMK,MNM,NTK,INDs,-4,633,2,0,635,"CSI Polytechnic College, Yercaud Main Road, Salem-636007, Southern Terraced Building North Facing Hall-DHG-4","Salem (C), D.7,Backside of S.P.Bungalow,Salem (C), D.7,Kambarstreet (Pachudayarkadu),Salem (C), D.7,Pallakkadu,Salem (C), D.8,Vasanthapuram"
9,259,2,300,1,0,35,59,1,0,0,0,1,AIADMK,DMK,MNM,NTK,NPP,0,658,7,0,665,"CSI Hobert GHS School Hasthampatty Salem-636007, Facing
South Terraced Building West Portion","Salem (C), D.13,Central Jail Backside"
10,333,2,318,4,0,48,51,5,0,0,0,2,DMK,AIADMK,MNM,NTK,AMMK,-15,763,6,0,769,"CSI Hobert GHS School Hasthampatty Salem-636007, Facing
South Terraced Building Middle Portion","Salem (C), D.13,Central Jail Backside"
11,341,0,265,1,0,36,41,0,0,0,0,2,DMK,AIADMK,MNM,NTK,INDs,-76,686,1,0,687,"CSI Hobert GHS School Hasthampatty Salem-636007, Facing South Terraced Bulding Middle Portion","Salem (C), D 13, Christian Pet, Adaikala Nagar,Salem (C), D 13, Hasthampatti Mariamman Koil Street,Salem(C), D.13, Central Jail QuartersHousing Unit"
12,370,0,554,3,0,57,32,2,0,0,0,2,AIADMK,DMK,NTK,MNM,BSP,0,1020,7,0,1027,"SCMC Ele.School, Ayyanthirumaligai-636007, Facing North
Building Eastern Wing","Salem (C), D.7,IyyenThirumaligai,Salem (C), D.7,Kuzhandaigal Nala Kappaga
Street,Salem (C), D.7,MalStreet"
13,311,3,357,1,0,12,47,2,0,0,1,7,AIADMK,DMK,MNM,NTK,INDs,0,741,4,0,745,"SCMC Ele. School, Ayyanthirumaligai Salem-636007, Anganwadi New Terraced Building Facing West East Wing","Salem (C), D.7,First Street,Salem (C), D.7,Housing Unit Itteri Road,Salem (C), D.7,Keel Street,Salem (C), D.7,Nadustreet,Salem (C), D.7,Second Street,Salem (C), D.7,Syndicate Bank Colony,Salem (C), D.7,Vallalar Nagar"
14,427,0,195,0,0,43,41,1,0,0,1,4,DMK,AIADMK,NTK,MNM,INDs,-232,712,3,0,715,"SCMC Ele.School, Ayyanthirumaligai, Salem-636007, West Portion of North Facing Building","Salem (C), D.7,Collector Bungalow Backside Housing Unit,Salem (C), D.7,Housingunit IyyenThirumaligai,Salem (C), D.7,Yercaud Road Housing
Unit,Salem (C), D.7,YercaudRoad"
15,326,1,534,1,0,31,33,3,0,0,0,6,AIADMK,DMK,MNM,NTK,INDs,0,935,8,0,943,"SCMC Middle School, Chinnakollapatty, Facing South Terraced Building, West Wing","Salem(C), D 6 Yercaud Main Road, Gandhi Nagar East, Jeeva Street,Salem(C), D 6, Annaiindiranagar,Salem(C), D 6, Gandhistreet,Salem(C), D 6, Jeevathstreet,Salem(C), D 6, Thiruvalluvarnagar"
16,395,0,347,1,0,40,64,3,0,0,0,1,DMK,AIADMK,MNM,NTK,AMMK,-48,851,17,0,868,"SCMC Middle School, Chinna Kollapatty., Terraced Building
Facing South,  West Wing","Salem(C), D 6 AnnaiIndiranagar,Salem(C), D 6 Iyanarkoilkattuvalavu,Salem(C), D
6 Thiruvalluvar street (south)"
17,326,3,468,4,0,43,53,17,1,1,0,4,AIADMK,DMK,MNM,NTK,AMMK,0,920,6,0,926,"SCMC Middle School, Chinna Kollapatty, Salem-636008,
Terraced Building Facing South,  East Wing","Salem(C), D 6 Annasalai,Salem(C), D 6 Boyarstreet,Salem(C), D 6
G.K.V.Nagar,Salem(C), D 6 Saraswathinagar,Salem(C), D 6 Varmagarden"
18,248,1,461,2,0,21,12,8,0,0,0,3,AIADMK,DMK,NTK,MNM,AMMK,0,756,4,0,760,"SCMC Middle School, Chinnakollapatty, Building Facing South,
East Wing","Salem(C), D 6  Kaliammannagar,Salem(C), D 6 Pazhaniappakounder,Salem(C),
D6 Yercaudmainroad"
19,361,2,254,0,0,27,36,2,0,2,0,2,DMK,AIADMK,MNM,NTK,NPP,-107,686,6,0,692,"Mountmary s Matriculation School, Periyar Nagar (Room No.6) Chinnakollapatty,  North Terraced Building - South facing
Room No.9","Salem(C), D 6  K.K.Nagar West,Salem(C), D 6 K.K.nagar,Salem(C), D 6 Ponn Nagar West,Salem(C), D 6 PonnNagar East,Salem(C), D 6 Yercaud Main Road
West"
20,359,4,378,3,0,37,15,7,1,1,0,11,AIADMK,DMK,NTK,MNM,INDs,0,816,3,0,819,"Mountmary s Matriculation School, Periyar Nagar (Room No.6) Chinnakollapatty, Terraced Building Facing South, Middle Wing","Salem(C), D 6  Periyar nagar,Salem(C), D 6 Rajaganapathy nagar"
21,275,4,339,3,0,26,6,4,0,0,0,11,AIADMK,DMK,NTK,INDs,MNM,0,668,2,0,670,"Mountmary s Matriculation School, Periyar Nagar (Room No.7) Chinnakollapatty, Terraced Building Facing South, Middle Wing","Salem(C), D 6  Ayyankadu,Salem(C), D 6  Periyar nagar"
22,457,1,357,2,0,43,45,1,2,0,0,5,DMK,AIADMK,MNM,NTK,INDs,-100,913,4,0,917,"Mountmary s Matriculation School, Periyar Nagar (Room No.4) Chinnakollapatty, Terraced Building Facing South, Middle Wing","Salem(C), D 6  Kundathumedu,Salem(C), D 6  N.G.G.O.Colony,Salem(C), D 6 Santhinagar"
23,367,1,419,3,0,46,20,7,0,0,0,9,AIADMK,DMK,NTK,MNM,INDs,0,872,7,0,879,"SCMC Sainitory Inspector Office (Veterinary Hospital) Periya
Kollapatty., Facing West Terraced Building","Salem(C), D 6  Angalamman koil street,Salem(C), D 6  Mariammankoil
Street,Salem(C), D 6  Subramaniar koil Street"
24,367,0,190,1,1,47,52,3,2,0,0,2,DMK,AIADMK,MNM,NTK,AMMK,-177,665,5,0,670,"Government Higher Secondary School, Kannankurichi,
Terraced Building West Facing South Wing Room No 29","Salem(C), D 6 Housingunit,Salem(C), D 6 Kattuvalavu"
25,328,3,403,2,1,63,10,2,0,0,0,14,AIADMK,DMK,NTK,INDs,MNM,0,826,2,0,828,"SCMC Ele. School, Periya Kollapatty, Facing North Terraced
Building West Wing","Salem(C), D 6  Gandhinagar and new colony periakollappatty"
26,400,4,298,0,0,34,86,2,0,0,0,1,DMK,AIADMK,MNM,NTK,NPP,-102,825,4,0,829,"SCMC Ele. School, Periya Kollapatty, Salem-636008, Terraced
Building Facing North East Wing","Salem(C), D 6  Prakasam nagar mariammankoil melvattam,Salem(C), D 6
Kannankurichi Main Road and vijay Nagar"
27,268,0,304,0,0,26,41,2,0,0,0,10,AIADMK,DMK,MNM,NTK,INDs,0,651,8,0,659,"SCMC Ele.School, Periya Kollapatty, Salem-636008, West
Portion of South Facing Self Sufficent Building","Salem (C), D 6. Syndicate Colony Kurnichi Nagar 1,2 SakthiNagar
Annex,Salem(C), D 6  Ramasamy Nagar IInd Cross"
28,268,0,463,3,0,54,18,19,0,0,0,6,AIADMK,DMK,NTK,AMMK,MNM,0,831,9,0,840,"SCMC Ele.School, Periya Kollapatty, Salem-636008, East
Portion of South Facing Self Sufficent Building","Salem (C), D 6. Patchiamman Kovil, Kamarajar Road Jallikadu"
29,394,5,394,1,2,32,64,3,0,0,1,1,DMK,DMK,MNM,NTK,NPP,0,897,14,0,911,"SCMC Ele.School, Self Sufficienty Scheme  Periya Kollapatty, Terraced Building Facing South West Portion","Salem(C), D 6  Judge road Indira nagar,Salem(C), D 6  Ramanathapuram
,Kannankurichi main road,Salem(C), D 6  Ramasamy nagar Ist Cross,Salem(C), D 6 Kalyani nagar1,2,Salem(C), D 6 Nataraj nagar and judge road south side,Salem(C), D 6 Perumal koil thottam"
30,336,1,192,1,2,22,33,1,0,0,1,2,DMK,AIADMK,MNM,NTK,MGR MK,-144,591,3,0,594,"PUMS, Kannankurichi, Salem-636008, New Terraced Building Facing East North Wing","Kannankurichi (TP), Ward4, Desaichinnaponnustreet,Kannankurichi (TP), Ward4, Gopal Street,Kannankurichi (TP), Ward4, Karuppannan Street,Kannankurichi (TP), Ward4, Natarajan Street,Kannankurichi (TP), Ward4, PannaiarSubbarayan Street,Kannankurichi (TP), Ward4, Venkatachalam Street"
31,477,1,415,0,0,44,34,4,0,0,0,5,DMK,AIADMK,NTK,MNM,INDs,-62,980,1,0,981,"PUMS, Kannankurichi, Salem-636008, South Portion of East Facing Terraced Building","Kannankurichi (TP), Ward3, AC Gopal Street,Kannankurichi (TP), Ward3, Arumugam Street,Kannankurichi (TP), Ward3, KurichaNarayanan Street,Kannankurichi (TP), Ward3, L.B.Chetty Street,Kannankurichi (TP), Ward3, Natarajan Street,Kannankurichi (TP), Ward3, R.K.Ramanujam Street,Kannankurichi (TP), Ward3, Subbarayan Street,Kannankurichi (TP),
Ward3, Sundaram Street"
32,329,1,231,1,0,16,26,0,0,0,0,5,DMK,AIADMK,MNM,NTK,INDs,-98,609,2,0,611,"PUMS, Kannankurichi Salem-636008, Terraced Building Facing West, Eastern Side of South Wing","Kannankurichi (TP), Ward5, Dasaramarimuthu Street,Kannankurichi (TP), Ward5, Muthusamy Street,Kannankurichi (TP), Ward5, Narayanan Street,Kannankurichi (TP), Ward5, Pazhaniappan Street,Kannankurichi (TP), Ward5, Selvam Street,Kannankurichi (TP), Ward5, StreetNo.6,Kannankurichi (TP), Ward5, StreetNo.8,Kannankurichi (TP), Ward5, T.K.V. Rajagopal Street,Kannankurichi (TP), Ward5, V.K.Perumal Street,Kannankurichi (TP), Ward6, Chinna Mariamman Koil Street,Kannankurichi (TP), Ward6, K.R.Ezhumalai Street,Kannankurichi (TP), Ward6, Kunjan Street,Kannankurichi (TP), Ward6, Subbu Street,Kannankurichi (TP), Ward6, Thambu Street"
33,266,0,230,0,0,11,12,0,0,0,0,10,DMK,AIADMK,MNM,NTK,INDs,-36,529,5,0,534,"PUMS, Kannankurichi, Terraced Building Facing West, North wing","Kannankurichi (TP), Ward5, Perumal Street,Kannankurichi (TP), Ward5, StreetNo.5,Kannankurichi (TP), Ward6, K.S.Arumugam Street,Kannankurichi (TP), Ward6, K.V.Annamalai Street,Kannankurichi (TP), Ward6, Kannia Street,Kannankurichi (TP), Ward7, Poomalai Street,Kannankurichi (TP), Ward7,
Santhastreet"
34,299,0,193,0,0,32,42,1,0,0,0,3,DMK,AIADMK,MNM,NTK,INDs,-106,570,11,0,581,"PUMS, Kannankurichi, Terraced Building Facing West Middle
Wing","Kannankurichi (TP), Ward12, Mahalakshmi Nagar,Kannankurichi (TP), Ward12,
Salem Road,Salem  (C), D 8, M.G.R.Nagar"
35,392,1,265,0,0,28,46,2,0,0,0,1,DMK,AIADMK,MNM,NTK,AMMK,-127,735,3,0,738,"PUMS, Kannankurichi, Southern Terraced Building Facing North","Kannankurichi (TP), Ward12, Arumugam Ayyer Street,Kannankurichi (TP),
Ward12, Karpagam Nagar (Rajnagar),Kannankurichi (TP), Ward12, Venkateswara Nagar,Salem  (C), D 8, Yercaud Road"
36,365,1,403,0,0,26,5,2,0,1,0,9,AIADMK,DMK,NTK,INDs,MNM,0,812,1,0,813,"PUMS, Kannankurichi, Terraced Building Facing West, South Wing","Kannankurichi (TP), Ward7, Ammaiappan Street,Kannankurichi (TP), Ward7, Arumugam Street,Kannankurichi (TP), Ward7, K.S.Arumugam Street,Kannankurichi (TP), Ward7, Kandasamy Street,Kannankurichi (TP), Ward7, Seerangan Street,Kannankurichi (TP), Ward8, Arunachalam Street No.3,Kannankurichi (TP), Ward8, PerumalKoil Street"
37,584,3,449,3,2,21,13,1,0,0,0,8,DMK,AIADMK,NTK,MNM,INDs,-135,1084,2,0,1086,"GHSS, Kannankurichi, Terraced Building Facing North West Wing Room No.37","Kannankurichi (TP), Ward8, Arunachalam Street,Kannankurichi (TP), Ward8, Govindan Street,Kannankurichi (TP), Ward8, Kaliammankoil Street,Kannankurichi (TP), Ward8, Selvam Street,Kannankurichi (TP), Ward9, Chinnannan Street,Kannankurichi (TP), Ward9, LakshmananColony,Kannankurichi (TP), Ward9, Sathyacolony,Kannankurichi
(TP), Ward9, Yerappan Street"
38,462,3,464,2,3,31,19,4,0,0,0,18,AIADMK,DMK,NTK,MNM,INDs,0,1006,5,0,1011,"GHSS, Kannankurichi, Terraced Building Facing South Terraced
Building Middle Portion Room No.17","Kannankurichi (TP), Ward1, Kattuvattam"
39,326,1,371,2,2,43,52,4,0,0,0,1,AIADMK,DMK,MNM,NTK,AMMK,0,802,7,0,809,"GHSS, Kannankurichi, Salem-636008, East Portion of South
Facing Terraced Building Room No 18","Kannankurichi (TP), Ward14, PacharoadYercaudmain Road"
40,470,1,310,1,0,54,42,1,0,0,0,6,DMK,AIADMK,NTK,MNM,INDs,-160,885,9,0,894,"GHSS, Kannankurichi, Salem-636008, East Portion of South Facing Terraced Building Room No 24","Kannankurichi (TP), Ward13, MarimuthuStreet,Kannankurichi (TP), Ward13, PethanStreet,Kannankurichi (TP), Ward14, Pacharoad Yercaud main Road"
41,457,1,432,1,1,39,20,3,0,0,2,7,DMK,AIADMK,NTK,MNM,INDs,-25,963,4,0,967,"GHSS, Kannankurichi, New Terraced Building Facing East South
Wing Room No 40","Kannankurichi (TP), Ward13, Kandasamy Street,Kannankurichi (TP), Ward2,
PachiammanNagar"
42,409,2,284,1,0,28,21,1,0,0,0,2,DMK,AIADMK,NTK,MNM,NPP,-125,748,5,0,753,"GHSS, Kannankurichi, Salem-636008, Terraced Facing East
Western Building Middle Wing Room No 41","Kannankurichi (TP), Ward1, SeviColony,Kannankurichi (TP), Ward13,
Govindasamy Street,Kannankurichi (TP), Ward2, Saravana Nagar"
43,452,2,206,3,0,49,28,1,0,0,0,3,DMK,AIADMK,NTK,MNM,BSP,-246,744,2,0,746,"GHSS, Kannankurichi, Salem-636008, Terraced Facing East
Wester Building Middle Wing Room No 42","Kannankurichi (TP), Ward13, Govindasamy Colony"
44,694,5,470,3,0,41,10,2,0,0,0,10,DMK,AIADMK,NTK,MNM,MNM,-224,1235,3,0,1238,"PUMS, Thamarai Nagar, Kannankurichi., Terraced Building
Facing East, North Wing","Kannankurichi (TP), Ward15,Thamari Nagar"
45,509,4,439,0,0,46,26,2,0,0,0,4,DMK,AIADMK,NTK,MNM,NPP,-70,1030,10,0,1040,"PUMS, Kannankurichi, Terraced Building Facing East Middle
Portion","Kannankurichi (TP), Ward11, Kesavannagar,Kannankurichi (TP), Ward11,
Melmottankurichi"
46,547,3,571,2,0,39,35,3,0,1,0,6,AIADMK,DMK,NTK,MNM,INDs,0,1207,9,0,1216,"PUES, Motankurichi, Kannakurichi, Asbestas Building Facing
West, North Wing","Kannankurichi (TP), Ward10, MottankurichiErikadu1"
47,189,0,230,0,0,10,2,1,0,0,0,1,AIADMK,DMK,NTK,MNM,AMMK,0,433,3,0,436,"PUES, Motankurichi Kannakurichi, Asbestas Building Facing
West, South Wing","Kannankurichi  (TP), Ward10, Mottankurichimurugankoil2"
48,398,0,330,0,1,43,51,3,0,0,0,5,DMK,AIADMK,MNM,NTK,INDs,-68,831,5,0,836,"PUE School, Ramanathapuram, Kannankurichi, Salem-636008, West Portion of South Facing New Terraced Building","Salem(C), D 8, Bungalow Nagar,Salem(C), D 8, Indiranagar,Salem(C), D 8, Nithyanagar2nd Street,Salem(C), D 8, Nithyanagar2nd Street Extension,Salem(C), D 8, Pandianstreet,Salem(C), D 8, Santhiavenue,Salem(C),
D8,Nithiyanagar 1st"
49,432,3,369,1,1,25,71,1,0,0,0,2,DMK,AIADMK,MNM,NTK,NPP,-63,905,6,0,911,"SCMC Ele.School, Ramanathapuram, Kannankurichi, Salem- 636008, East Portion of South Facing New Terraced Building","Salem(C), D 8, Athayammal 1st Street,Salem(C), D 8, Balajinagar,Salem(C), D 8, Mullainagar,Salem(C), D 8, Ramanathapuram"
50,309,2,612,4,0,23,24,1,0,0,0,11,AIADMK,DMK,MNM,NTK,INDs,0,986,6,0,992,"Suba Primary School, Mahendrapuri, West Terraced Building
East Facing Room No.1","Salem (C), D 8, Gandhinagar,Salem(C), D 8,Annasalai East"
51,468,2,253,1,2,37,45,0,0,0,0,2,DMK,AIADMK,MNM,NTK,NPP,-215,810,6,0,816,"Suba Primary School, Mahendrapuri, West Terraced Building East Facing Room No.2","Salem(C), D 8, Athayammal IInd Street,Salem(C), D 8, Kamarajnagar,Salem(C), D 8, Kamatchinagar,Salem(C), D 8, Kattabommanstreet, Karnan street,Salem(C),
D.8.Cholan Street"
52,419,1,240,0,0,35,84,2,0,0,1,2,DMK,AIADMK,MNM,NTK,AMMK,-179,784,8,0,792,"Suba Primary School, Mahendrapuri, West Terraced Building East Facing Room No.3","Salem(C), D 8, Asokansalai,Salem(C), D 8, Kalingasalai,Salem(C), D 8, Kambar Street,Salem(C), D 8, Paristreet,Salem(C), D 8, QueensCircle,Salem(C), D 8,
S.C.C.B. Colony,Salem(C), D 8, Sivajisalai, Sibistreet (Prince Circle),Salem(C), D 8, Subbarayansalai,Salem(C), D.8.Meenachi Nagar"
53,329,2,332,1,1,31,18,10,0,0,0,6,AIADMK,DMK,NTK,MNM,AMMK,0,730,2,0,732,"Anderson Matric Hr.Sec.School, Sengodagounder salai Salem,
West Terraced Building East North Wing","Salem (C), D 8 Atthukadu,Salem (C), D 8 Atthukadu,karadu,Salem (C), D 8
Pandiyan street,Salem (C), D 8 Yercaud Road"
54,381,4,224,0,1,32,26,4,0,0,0,2,DMK,AIADMK,NTK,MNM,NPP,-157,674,2,0,676,"Anderson Matric Hr.Sec.School, Sengodagounder salai Salem, West Facing Terraced Building East Room No.5A","Salem (C), D 8 Jayapal line,Salem (C), D 8 Rajeev Nagar,Salem (C), D 8 Rathinapuri,Salem (C), D 8 Seetha Garden,Salem (C), D 8 Sengodagounder Salai
,North,Salem (C), D 8Anbu Nagar,Salem (C), D 8 Mepillavar Garden"
55,496,1,217,0,1,45,59,3,0,0,0,4,DMK,AIADMK,MNM,NTK,INDs,-279,826,5,0,831,"Jayalakshmi Vidayalaya High School, Near Housing Board, Pallakkadu, South Portion of East Facing Main Building","Salem (C), D 8  Bharathi nagar,Salem (C), D 8  Pallakkadu, Salem (C), D 8 Lakshmipuram, Salem (C), D 8 Vishwankadu"
56,428,1,401,1,0,54,73,1,0,0,0,3,DMK,AIADMK,MNM,NTK,INDs,-27,962,9,0,971,"SCMC Midde.School, Chinna Thirupathi, Facing South Terraced Building West Wing.","Salem(C), D 8 Seran Street,Salem(C), D 8 Solan Street,Salem(C), D 8 Srinivasan
Nagar,Salem(C), D 8 Thiruvalluvar Salai,Salem(C), D 8, Gogul Nagar,Salem(C), D 8, Ragavan Street"
57,517,0,314,0,0,38,62,1,0,0,0,3,DMK,AIADMK,MNM,NTK,INDs,-203,935,6,0,941,"SCMC Midde School, Chinna Thirupathi, New Terraced Building HM Room Additional Building Facing North","Salem(C), D 8 , Lakashmi Nagar,Salem(C), D 8 Abirami Garden,Salem(C), D 8 Pandiyan Street,Salem(C), D 8 Rajaganapathi Nagar,Salem(C), D 8 Varatharajan Nagar,Salem(C), D 8, Saraswathi Nagar,Salem(C), D 8, Sri Ganapathi Nagar"
58,368,0,231,0,0,40,53,1,0,0,0,4,DMK,AIADMK,MNM,NTK,INDs,-137,697,10,0,707,"SCMC Middle School, Chinna Thirupathi., Facing West,
Terraced Building North Wing.","Salem(C), D 8 Gurukkal Colony,Salem(C), D 8 P.T.Colony,Salem(C), D 8
Sevigounder Street, Thiruvalluvar salai"
59,419,1,326,2,3,25,70,8,0,0,0,2,DMK,AIADMK,MNM,NTK,AMMK,-93,856,6,0,862,"SCMC Middle School, Chinna Thirupathi, Salem-636008, West Facing Terraced Building South Portion","Salem(C), D 8  Rani Annanagar Kattuvalavu,Salem(C), D 8 Chandran Gardan,Salem(C), D 8 Indiragandhi Street,Salem(C), D 8 Iyyam Perumal Street,Salem(C), D 8 Mariyamman Kovil Street,Salem(C), D 8 Rani Anna Nagar"
60,471,0,185,0,1,27,31,1,0,0,0,3,DMK,AIADMK,MNM,NTK,INDs,-286,719,5,0,724,"SCMC Middle School, Chinnathirupathi, Terraced Building
Facing South,East Wing","Salem(C), D 8  Annasalai"
61,429,2,265,1,1,39,60,1,0,0,0,5,DMK,AIADMK,MNM,NTK,INDs,-164,803,4,0,807,"Jairam Higher Secondary School Chinnathirupathi, West Facing Terraced Building Room No 9","Salem(C), D 8  Santhinagar,Salem(C), D 8  Srinivasanagar,Salem(C), D 8 Santhosh Nagar,Salem(C), D 8, Ishwariya Garden,Salem(C), D 8, Vaishnavi Garden"
62,319,0,151,0,0,24,31,1,0,0,1,5,DMK,AIADMK,MNM,NTK,INDs,-168,532,5,0,537,"SCMC Middle School, Chinnathirupathi, Salem-636008, Terraced Building Facing North","Salem(C), D 8  Kamarajarnagar2nd street,Salem(C), D 8 Kamarajar 2nd street,Salem(C), D 8 Kamarajarnagar 1st street,Salem(C), D 8 Kamrajar 1st
street, Salem(C), D  8  Kamarajar 3 street"
63,332,0,521,3,0,48,44,5,0,0,0,4,AIADMK,DMK,NTK,MNM,AMMK,0,957,7,0,964,"Jairam Higher Secondary School Chinnathirupathi, West Facing
Terraced Building Room No 10","Salem(C), D 8  Amman nagar,Salem(C), D 8  Ayyanarkoil kadu,Salem(C), D 8
Srivishnupathy Nagar"
64,259,0,299,1,0,41,47,5,0,0,0,2,AIADMK,DMK,MNM,NTK,AMMK,0,654,6,0,660,"SCMC Middle School, Chinnathirupathi, New Building Facing
South, West Wing","Salem(C), D  8 ,Ashok Nagar,Salem(C), D  8 Vettukadu,Salem(C), D 8 ,Annamalai
Nagar,Salem(C), D 8 Maruthi Nagar"
65,357,2,451,3,0,53,51,3,0,0,0,8,AIADMK,DMK,NTK,MNM,INDs,0,928,12,0,940,"SCMC Middle.School, Chinnathirupathi, Facing South Terraced Building East Wing","Salem(C), D 8, Logu Nagar,Salem(C), D 8, Mookaneri Adikerai Porampoku
,Salem(C), D 8, N.G.G.O.Colony,Salem(C), D 8, Yerikarai Road"
66,351,2,371,1,0,34,47,4,0,0,0,6,AIADMK,DMK,MNM,NTK,INDs,0,816,7,0,823,"SCMC Middle School, Chinnathirupathi, Salem-636008,
Asbestas Building Noon Meal Centre North Facing","Salem(C), D 8, Kannakurichi Main Road,Salem(C), D 8, M.G.R.Nagar,Salem(C), D
8, N.G.G.O.Colony Annexue"
67,311,1,200,0,0,25,12,1,0,0,0,1,DMK,AIADMK,NTK,MNM,NPP,-111,551,0,0,551,"SCMC Kamaraj Girls HSS, Court Road, Manakkadu, Terraced Building Facing West of East Side Building","Salem (C), D.13,Johnsonpet West Street1,Salem (C), D.13,Johnsonpet West Street2,Salem (C), D.13,Johnsonpet West Street3,Salem (C), D.13,Johnsonpet West Street4,Salem (C), D.13,Johnsonpet West Street5,Salem (C),
D.13,Johnsonpet West Street6"
68,399,3,157,1,0,24,19,1,0,1,0,2,DMK,AIADMK,NTK,MNM,NPP,-242,607,5,0,612,"SCMC Kamaraj Girls HSS, Court Road, Manakkadu, East Portion of North Facing New Terraced Building","Salem (C), D.12,Court Road,Salem (C), D.13,Johnsonpet West Street7,Salem (C), D.13,Johnsonpet West Street8,Salem (C), D.13,Johnsonpet West Street9"
69,417,0,266,4,1,33,42,3,1,0,0,4,DMK,AIADMK,MNM,NTK,BSP,-151,771,5,0,776,"SCMC Kamaraj Girls HSS, Court Road, Manakkadu, New
Building Facing South Eastern Portion IInd Room","Salem (C), D.12,Pilliar Nagar 3,Salem (C), D.13,Manakkadu Itteri Road"
70,429,1,184,0,0,34,34,2,0,0,0,1,DMK,AIADMK,NTK,NTK,AMMK,-245,685,6,0,691,"Bharathi Vidyalaya Higher Secondary School Maravaneri, South Side Terraced Building North Facing Room No 57","Salem (C), D.12, CourtRoad (K.A.S.Nagar)"
71,385,0,318,0,0,44,57,2,0,0,0,4,DMK,AIADMK,MNM,NTK,INDs,-67,810,6,0,816,"Bharathi Vidyalaya Higher Secondary School Maravaneri, South Side Building North Facing Room No 56","Salem (C), D.12, Gandhinagarmaravaneri,Salem (C), D.12,Court Road (Pilliar Kovil Street),Salem(C), D.12, Courtroad Pilliar Nagar"
72,510,2,315,1,1,59,46,4,0,0,0,3,DMK,AIADMK,NTK,MNM,AMMK,-195,941,10,0,951,"Bharathi Vidyalaya Higher Secondary School Maravaneri, South Side Building North Facing Room No 55","Salem (C), D.12, Court Road Pilliar Nagar1,Salem (C), D.12, Court Road Pilliar Nagar2"
73,305,0,216,1,1,39,17,2,1,0,1,6,DMK,AIADMK,NTK,MNM,INDs,-89,589,4,0,593,"SCMC Kamaraj Girls HSS, Court Road, Manakkadu, The New
Terraced Building Facing South","Salem (C), D.12, Johnsonpet East Street9,Salem (C), D.12,Court Road
(Manakkadu)"
74,415,0,256,0,0,30,31,0,1,0,0,4,DMK,AIADMK,MNM,NTK,INDs,-159,737,6,0,743,"SCMC Kamaraj Girls HSS, Court Road, Manakkadu, Salem-
636007, South Facing New Terraced Building","Salem (C), D.12, Johnsonpet East Street8,Salem (C), D.13, Rajamanickam Street"
75,441,5,249,2,0,39,9,5,0,1,0,2,DMK,AIADMK,NTK,MNM,NPP,-192,753,4,0,757,"SCMC Kamaraj Girls HSS, Court Road, Manakkadu, Salem- 636007, West Portion of North Facing Building","Salem (C), D.12, Johnsonpet East Street 9(Kudisai Paguthi),Salem (C),
D.12,Johnsonpet east street5,Salem (C), D.12,Johnsonpet east street6,Salem (C), D.12,Johnsonpet east street7"
76,427,1,221,0,0,34,20,5,0,0,0,4,DMK,AIADMK,NTK,MNM,AMMK,-206,712,5,0,717,"SCMC Kamaraj Girls HSS, Court Road, Manakkadu, Salem- 636007, North Portion of West Facing New Terraced Building","Salem (C), D.12,Johnsonpet east street1,Salem (C), D.12,Johnsonpet east street3,Salem (C), D.12,Johnsonpet east street4,Salem (C), D.12,Johnsonpeteast
street2,Salem (C), D.13, Subbarayan Layout"
77,438,1,281,2,0,62,16,1,0,0,1,4,DMK,AIADMK,NTK,MNM,INDs,-157,806,1,0,807,"Bharathi Vidyalaya Higher Secondary School Maravaneri,
Room No 36 Leap 2004 Block Facing South","Salem (C), D.12,Chinnathirupathy Road,Salem (C), D.12,Court Road
Colony,Salem (C), D.12,Kakkayankadu"
78,279,0,111,0,0,23,27,0,0,0,0,1,DMK,AIADMK,MNM,NTK,INDs,-168,441,2,0,443,"SCMC Kamaraj Girls HSS, Court Road, Manakkadu, Salem- 636007, East Portion of West Facing New Terraced Building","Salem (C), D.12,Rajanagar"
79,334,1,255,0,0,44,29,6,0,0,2,0,DMK,AIADMK,NTK,MNM,AMMK,-79,671,2,0,673,"Bharathi Vidyalaya Higher Secondary School Maravaneri, East
Facing Main Building Room No 4","Salem (C), D.12, Courtmain  Road,Salem (C), D.12,Kakkayankadu, Court road,
Colony"
80,377,1,146,0,1,30,17,1,0,0,0,3,DMK,AIADMK,NTK,MNM,INDs,-231,576,4,0,580,"SCMC Kamaraj Girls HSS, Court Road, Manakkadu, Salem- 636007, South Portion of West Facing New Terraced Building","Salem (C), D.12,RajaGanapathi Nagar"
81,321,0,107,0,1,27,26,2,0,0,0,4,DMK,AIADMK,NTK,MNM,INDs,-214,488,5,0,493,"SCMC Ele.School, Manakkadu., Terraced Building Facing West
Eastern side of South Wing","Salem (C), D.12,Manakkadu East Street"
82,346,1,187,1,0,28,33,1,0,0,0,3,DMK,AIADMK,MNM,NTK,INDs,-159,600,3,0,603,"SCMC Ele.School, Manakkadu, Terraced Building Facing South,
West wing","Salem (C), D.12,Manakkadu East Street"
83,522,3,202,1,1,30,30,1,1,0,0,1,DMK,AIADMK,NTK,NTK,NPP,-320,792,4,0,796,"SCMC Ele.School, Manakkadu, Terraced Building Facing South,
East  Wing","Salem (C), D.12,Manakkadu East Street,Salem (C), D.13,Manakkadu West
Vinayakar Street"
84,304,2,401,0,0,17,29,2,0,0,1,3,AIADMK,DMK,MNM,NTK,INDs,0,759,5,0,764,"SCMC Ele.School, Manakkadu, Terraced Building Facing West,
Eastern side of North Wing","Salem (C), D.12,Manakkadu Mariamman Koil Street,Salem (C), D.13,Manakadu
South Street"
85,314,0,195,1,1,14,27,1,0,0,0,0,DMK,AIADMK,MNM,NTK,BSP,-119,553,8,0,561,"C.S.I. Hobert Ele. School, Hasthampatty, Salem-636007, West Portion of South Side East Facing Terraced Building","Salem (C), D.13,Hasthampatty main road,Salem (C), D.13,Kalaivanar Street,Salem (C), D.13,Kullar street"
86,369,1,190,5,0,17,48,0,0,0,0,3,DMK,AIADMK,MNM,NTK,BSP,-179,633,1,0,634,"C.S.I. Hobert Ele. School, Hasthampatty, Salem-636007, West Portion of North Side East Facing Terraced Building","Salem (C), D.13,Govindan Extension,Salem (C), D.13,Johnsonpet Itteri road,Salem (C), D.13,Pazhaniappa Nagar"
87,317,1,158,0,0,22,25,5,0,0,0,4,DMK,AIADMK,MNM,NTK,AMMK,-159,532,2,0,534,"GHS, A.R.Line, Kumarasamipatty, Cherry Road, Salem-636007, Terraced Building Facing West, Middle Wing Room No 5","Salem (C), D.14,Kumarasamypatty cherry road,Salem (C), D.14,Sulthanline"
88,206,1,193,0,0,17,17,1,0,0,1,4,DMK,AIADMK,NTK,NTK,INDs,-13,440,6,0,446,"GHS, A.R.Line, Kumarasamipatty, Cherry Road, Salem-636007,
Terraced Building Eastern Side Facing West (Room No.6) North Wing","Salem (C), D.14,Kumarasamypatty East Street,Salem (C), D.14,Reserve Line"
89,306,1,248,1,0,16,21,3,0,0,0,1,DMK,AIADMK,MNM,NTK,AMMK,-58,597,7,0,604,"SCMC Ele.School, Kumarasamypatty,Cherry Road, Salem-
636007, Facing West Terraced Building North Wing","Salem (C), D.14,Angalamman Kovil Street,Salem (C), D.14,Kumarasamypatty
west street3,Salem (C), D.14,Manickam Street"
90,205,1,244,1,0,12,38,3,0,1,0,2,AIADMK,DMK,MNM,NTK,AMMK,0,507,7,0,514,"SCMC Ele.School, Kumarasamypatty,Cherry Road, Salem-
636007, Facing West Terraced Building South Wing","Salem (C), D.15, Raja Extension,Salem (C), D.15, Seerangapalayam Main Road"
91,267,0,332,1,0,21,68,3,0,0,0,3,AIADMK,DMK,MNM,NTK,AMMK,0,695,5,0,700,"SCMC Ele.School, Kumarasamypatty,Cherry Road, Salem- 636007, Noon Meal Centre Terraced Building East Facing South
Portion","Salem (C), D.14, Setu Extension,Salem (C), D.14, Venkatesapuram"
92,234,1,390,1,0,22,51,0,0,0,0,2,AIADMK,DMK,MNM,NTK,INDs,0,701,9,0,710,"SCMC Girls HS, Sagadevapruam, Terraced Building Facing South, West Wing","Salem (C), D.14, Chairman Chinnia Road,Salem (C), D.14, Maravaneri Cross Street7,Salem (C), D.14, Natesan Colony,Salem (C), D.14, Udayappa Colony"
93,647,3,161,4,0,18,9,1,0,0,0,9,DMK,AIADMK,NTK,MNM,MNM,-486,852,1,0,853,"SCMC Girls HS, Sagadevapruam, Terraced Building Facing
South, East Wing","Salem (C), D.14,Mulluvadi Makkan Street"
94,263,0,246,0,0,13,52,0,0,0,0,1,DMK,AIADMK,MNM,NTK,INDs,-17,575,7,0,582,"SCMC Girls HS, Sagadevapruam-636007, IInd Terraced building
facing south Eastern portion Middle Wing","Salem (C), D.14,Rajaram Nagar"
95,132,0,192,0,0,13,26,0,0,0,0,0,AIADMK,DMK,MNM,NTK,NPP,0,363,3,0,366,"SCMC Girls HS, Sagadevapruam-636007, New Terraced
Building Western Building South Wing Facing East","Salem (C), D.14,Rajaram Nagar,Salem (C), D.14,Shankar Nagar (OdaiArea)"
96,197,3,250,2,0,21,36,0,0,0,0,0,AIADMK,DMK,MNM,NTK,NPP,0,509,4,0,513,"SCMC Girls HS, Sagadevapruam, New Terraced Building Facing
South West Wing of North Side","Salem (C), D.14, Shankar Nagar,Salem (C), D.14, Shankar Nagar (Swarna
Upartment)"
97,244,0,307,1,0,25,43,5,0,1,0,5,AIADMK,DMK,MNM,NTK,AMMK,0,631,5,0,636,"SCMC Girls HS, Sagadevapruam, New Terraced Building East
Wing of the northern side Building Facing South","Salem (C), D.14, Shankar Nagar,Salem (C), D.14, Shankar Nagar (Temporary
House)"
98,118,0,295,1,0,12,71,4,0,0,0,0,AIADMK,DMK,MNM,NTK,AMMK,0,501,4,0,505,"SCMC Girls HS, Sagadevapruam-636007, New Terraced Building Middle Wing of the Western Side Building Facing East","Salem  (C), D.14,Cherararajan Road,Salem (C), D.14,Maravaneri  Cross Street5,Salem (C), D.14,Maravaneri Cross Street1,Salem (C), D.14,Maravaneri Cross Street3,Salem (C), D.14,Maravaneri Cross Street4,Salem (C), D.14,Maravaneri CrossStreet6,Salem(C), D.14,Maravaneri Cross
Street2,Salem(C), D.14,Sagadevapuram"
99,270,0,253,1,0,16,9,1,0,0,0,0,DMK,AIADMK,NTK,MNM,BSP,-17,550,3,0,553,"SCMC Ele.School, Kumarasamypatti, Ram Nagar No 1, Northern Portion of the Main Terraced Building Facing East","Salem (C), D.15,Kumarasamypatty West Street1"
100,203,0,276,0,0,21,55,2,0,0,0,3,AIADMK,DMK,MNM,NTK,INDs,0,560,4,0,564,"SCMC Ele. School No.1, Ram Nagar, Kumarasamypatty, Salem- 636007, South Portion of East Facing Terraced Building","Salem (C), D.14,Kumarasamypatty West Street2,Salem (C), D.15,Rajagopalachariar Road"
101,376,2,380,3,1,37,51,10,0,0,0,6,AIADMK,DMK,MNM,NTK,AMMK,0,866,3,0,869,"SCMC Anganvadi Centre - 328, Ram Nagar,, Southern Terraced
Building East Facing","Salem (C), D.15,Ramnagar,Salem (C), D.15,Ramnagar Odai (Temporary
Houses),Salem (C), D.15,Ramnagar Odai Area"
102,207,2,175,3,1,17,36,1,0,0,0,0,DMK,AIADMK,MNM,NTK,BSP,-32,442,5,0,447,"SCMC 15th Divn Sanitary Inspectors Office Sivasamypuram No 2 Srirangapalayam Salem-636007, East Portion of South Facing
Main Building","Salem (C), D.15,Seerangapalayam,Salem (C), D.15,Seerangapalayam East Street"
103,187,0,199,0,1,24,48,0,0,0,0,3,AIADMK,DMK,MNM,NTK,INDs,0,462,6,0,468,"SCMC 15th Divn Sanitary Inspectors Office Sivasamypuram No
2 Srirangapalayam Salem-636007, North Portion of South Facing Building","Salem (C), D.15,Peramanoor Main Road,Salem (C), D.15,Seerangapalayam West Street"
104,265,0,227,0,0,28,74,2,0,0,0,1,DMK,AIADMK,MNM,NTK,AMMK,-38,597,16,0,613,"SCMC 15th Divn Sanitary Inspectors Office Sivasamypuram No 2 Srirangapalayam Salem-636007, West Portion of South
Facing Building","Salem (C), D.15, Peramanoor East Street"
105,128,1,187,0,0,16,22,1,0,0,0,0,AIADMK,DMK,MNM,NTK,NPP,0,355,2,0,357,"SCMC Ele. School, Sivasamypuram No-2, Srirangapalayam, Salem-636007, East Portion of west Facing Anganwadi
Terraced Building","Salem (C), D.15, Peramanoor East Street"
106,214,0,319,2,1,24,94,6,0,0,0,2,AIADMK,DMK,MNM,NTK,AMMK,0,662,8,0,670,"Cluny Matriculation School, Pudur Extension, Northern Side, East Portion 1st Room.Facing south (XI-B Class Room)","Salem (C), D.13, M.D.S.Nagar,Salem (C), D.13, Seetharam Avenue,Salem (C), D.15, Ramakrishna Road,Salem (C), D.15, Vidhyalaya Road"
107,206,1,367,1,1,26,108,4,0,0,0,3,AIADMK,DMK,MNM,NTK,AMMK,0,717,12,0,729,"Sarada BalaMandir HSS, Rajaji Road. (Kiruba Hospital Road), West Facing Terraced Building, Block 6, LKG-C Section","Salem (C), D.14,Chennakrishnapuram,Salem (C), D.15,Gandhi Road,Salem (C), D.15,Lakshmipuram"
108,231,2,506,0,0,25,29,3,0,0,0,4,AIADMK,DMK,MNM,NTK,INDs,0,800,5,0,805,"Cluny Matriculation HS School, Pudur Extension, Salem 636007, West Portion of 2nd Room Facing South (XI-A Class
Room)","Salem (C), D.13, Uma Nagar,Salem (C), D.13, Vivekananda Nagar,Salem (C), D.16, Chinnapudur"
109,221,4,445,1,0,29,54,2,0,1,0,3,AIADMK,DMK,MNM,NTK,NPP,0,760,12,0,772,"Cluny Matriculation HSS, Pudur Extension, Salem-636007, South Facing 3rd Room of North Terraced Building (XII-C Class
Room)","Salem (C), D.15,Vijayaragavachariar Road,Salem (C), D.16, Chinnapudur"
110,446,1,361,0,0,72,45,3,0,0,0,4,DMK,AIADMK,NTK,MNM,INDs,-85,932,6,0,938,"Cluny Matriculation HSS, Pudur Extension, Terraced Building Northern Side Facing South 4th Room (XII-B Class Room)","Salem (C), D.15, Puthur Extension,Salem (C), D.16, Nagammal Thottam,Salem (C), D.16, Pudur Kallanguthu"
111,318,0,421,2,0,44,27,2,0,0,0,1,AIADMK,DMK,NTK,MNM,BSP,0,815,4,0,819,"Cluny Matriculation HSS, Pudur Extension,Salem-636007,
Terraced Building Room No 5 South Facing North Building (XII- A Class Room)","Salem (C), D.16, Chinnapudur"
112,416,2,351,1,0,68,57,1,0,1,0,5,DMK,AIADMK,NTK,MNM,INDs,-65,902,2,0,904,"Cluny Matriculation HSS, Pudur Extension, Centre Portion of the Terraced Building Facing North 1st Room (X-A Class Room)","Salem (C), D.15,Subramaniapuram,Salem (C), D.16,Ambedkar Street"
113,127,0,158,0,0,13,26,2,0,0,0,4,AIADMK,DMK,MNM,NTK,INDs,0,330,2,0,332,"Cluny Matriculation HSS, Pudur Extension, Centre Portion of the Terraced Building Facing North 2nd Room (X-B Class Room)","Salem (C), D.13, Anna Nagar,Salem (C), D.13, Saradha College Road,Salem (C), D.16,Iyanarappan Koil Street"
114,264,1,212,0,0,35,44,0,0,0,0,1,DMK,AIADMK,MNM,NTK,NPP,-52,557,3,0,560,"Cluny Matriculation HSS, Pudur Extension, Salem-636007, Centre Portion of the Terraced Building Facing North 3rd Room
(X-C Class Room)","Salem (C), D.16,Narayanan Street"
115,175,1,158,1,0,10,26,0,0,0,0,3,DMK,AIADMK,MNM,NTK,INDs,-17,374,4,0,378,"Cluny Matriculation HSS, Pudur Extension, Salem-636007,
Centre Portion of the Terraced Building Facing North 4th Room (X-D Class Room)","Salem (C), D.16,Peramanoor Narayanasamy Street"
116,371,0,323,0,0,38,54,3,0,0,0,2,DMK,AIADMK,MNM,NTK,AMMK,-48,791,2,0,793,"Cluny Matriculation HSS, Pudur Extension, Salem-636007, Centre Portion of the Terraced Building Facing North 5th Room
(XI-C Class Room)","Salem (C), D.16, Peramanoor Narayanasamy Street"
117,197,0,169,0,1,26,35,1,0,0,0,1,DMK,AIADMK,MNM,NTK,MGR MK,-28,430,5,0,435,"Cluny Matriculation HSS, Pudur Extension, Salem-636007, Centre Portion of the Terraced Building Facing North 6th Room
(I'st A Class Room)","Salem (C), D.16, Peramanoor Narayanasamy Street"
118,322,0,154,3,2,30,32,1,0,0,0,4,DMK,AIADMK,MNM,NTK,INDs,-168,548,4,0,552,"SCMC Anganvadi Centre - 217, Kamarajar Colony, Salem,
Northern Terraced Building South Facing","Salem(C), D.16,Govt.Housing Board,Salem(C), D.16,Peramanoor Narayanasamy
Street"
119,322,0,252,6,0,59,38,1,0,0,0,5,DMK,AIADMK,NTK,MNM,BSP,-70,683,2,0,685,"SCMC Anganvadi Centre - 311, Kamarajar Colony, Salem,
Southern Terraced Building West Facing","Salem(C), D.16,Govindakounder Thottam"
120,243,0,267,0,0,43,22,1,0,0,0,1,AIADMK,DMK,NTK,MNM,AMMK,0,577,1,0,578,"SCMC Ele.School, Kamraj Colony Peramanur, New Terraced
Building Southern Portion Facing West","Salem (C), D.15, Peramanoor Kamarajar Colony,Salem (C), D.16, Peramanoor
Perumal Koil Street"
121,246,1,322,4,1,28,33,3,0,0,0,2,AIADMK,DMK,MNM,NTK,BSP,0,640,4,0,644,"SCMC Ele.School, Kamraj Colony Peramanur, New Terraced
Building Facing West Northern portion","Salem (C), D.16.Peramanoor (Chari Area),Salem (C), D.16.Peramanoor
Mariamman Koil Street"
122,252,0,298,1,0,29,39,2,0,0,0,5,AIADMK,DMK,MNM,NTK,INDs,0,626,4,0,630,"Little Flower Matriculation School, Chariman Thammannan Road, Salem-636009, West Portion of South Facing Terraced
Building","Salem (C), D.27, Omalur Road (Rathinasamipuram)"
123,269,0,216,0,0,20,47,3,0,0,0,3,DMK,AIADMK,MNM,NTK,AMMK,-53,558,1,0,559,"Little Flower Metriculation School, Chairman Thammannan Road, Salem-636009, North Facing 2nd Room from East Side","Salem (C), D.27, Omalur Road,Salem (C), D.27,Omalur Road (Rathinasamipuram)"
124,204,0,294,0,0,18,63,2,0,0,0,2,AIADMK,DMK,MNM,NTK,AMMK,0,583,1,0,584,"Little Flower Metriculation School, Chairman Thammannan Road, Salem-636009, East Portion of South Facing Terraced
Building","Salem (C), D.27,Chairman Thammannan Road"
125,281,3,459,1,0,29,22,2,1,0,1,14,AIADMK,DMK,NTK,MNM,INDs,0,813,4,0,817,"Little Flower Matriculation School, Chairman Thammanan Road, Facing North Terraced Building 3rd Room From East Side","Salem (C), D.27,Chairman Thammannan Road Mullakkadu,Salem (C), D.27,Chairman Thammannan Road Thailangadu"
126,251,0,98,0,0,24,15,0,0,0,0,1,DMK,AIADMK,NTK,MNM,INDs,-153,389,1,0,390,"SCMC 27th Division Sanitary Inspector Office, Velasamy Street, (Rajendra Chatram Compound), Facing South West Portion
Terraced Building","Salem (C), D.27,Pavendar Street,Salem (C), D.27. Seetharaman Street (Slump Area),Salem (C), D.27Seetharaman Street"
127,303,1,281,1,0,22,48,1,0,0,0,2,DMK,AIADMK,MNM,NTK,INDs,-22,659,5,0,664,"SCMC 27th Division Sanitary Inspector Office, Velasamy Street, (Rajendra Chatram Compound), East Portion of South Facing
Terraced Building","Salem (C), D.27,Mariamman koil Street,Salem (C), D.27,Nagalingam Street,Salem (C), D.27,Velasamy Street"
128,176,0,199,0,0,8,35,2,0,0,0,4,AIADMK,DMK,MNM,NTK,INDs,0,424,4,0,428,"SCMC Suramangalam Zonal Branch Office (Library) Velasamy Street, South Facing Terraced Building Ground Floor Near
Computer Lab","Salem (C), D,27,Sulukku Pilliar Koil street,Salem (C), D.27,Arisipalayam Main Road,Salem (C), D.27,Longly Road"
129,291,1,412,1,0,23,31,4,2,1,0,3,AIADMK,DMK,MNM,NTK,AMMK,0,769,0,0,769,"SCMC Suramangalam Zonal Branch Office (Library) Velasamy Street, East portion  of the Terraced Building Facing North","Salem (C), D.27,Chinnappan Street"
130,221,0,298,1,1,30,23,2,2,0,0,2,AIADMK,DMK,NTK,MNM,AMMK,0,580,5,0,585,"SCMC Suramangalam Zonal Branch Office (Library) Velasamy Street, Western Portion of The Terrached Building Facing
North","Salem (C), D.27,Chinnappan Street"
131,241,4,269,3,0,30,78,1,0,0,0,3,AIADMK,DMK,MNM,NTK,NPP,0,629,4,0,633,"SCMC Middle School, Damodharan Street, Arisipalayam, New Terraced Building East Portion Facing South","Salem (C), D.26,Damodaran Street,Salem (C), D.26,Govindan Street,Salem (C), D.26,Kabinistreet,Salem (C), D.26,Veeraragavan Street"
132,235,1,258,0,0,19,64,1,0,0,0,2,AIADMK,DMK,MNM,NTK,INDs,0,580,3,0,583,"SCMC Middle School, Damodharan Street, Arisipalayam,
Middle Terraced Building western portion facing south","Salem (C), D.26,Madhaian Street,Salem (C), D.26,Muthialu Street,Salem (C),
D.26,Syedalistreet"
133,252,0,233,0,0,22,67,6,0,0,0,0,DMK,AIADMK,MNM,NTK,AMMK,-19,580,8,0,588,"SCMC Middle School, Damodharan Street,  Arisipalayam, New Terraced Building North Portion Facing West","Salem (C), D.26,Gunabalaramasamy Street,Salem (C), D.26,Krishnan Street,Salem (C), D.26,Muthusamy Street,Salem (C), D.26,Pappaian Street,Salem (C), D.26,Syed Azhad Street,Salem (C), D.26,Syedkapur Street,Salem (C), D.26,Syedrahim street,Salem (C), D.27,Leighbazaar Street
Railwaycolony"
134,392,1,308,0,0,34,77,3,2,1,0,9,DMK,AIADMK,MNM,NTK,INDs,-84,827,9,0,836,"SCMC Ele.School, Perumal Street, Arisipalayam, South Side
Class Room Facing West","Salem (C), D.26,Christian pet,Salem (C), D.26,Perumal Street,Salem (C),
D.26,R.D.Paul Street"
135,287,0,263,1,0,35,76,6,0,0,0,0,DMK,AIADMK,MNM,NTK,AMMK,-24,668,2,0,670,"St. Marys Girls HSS, Arisipalayam, 1st Room From the Main Building of Facing North","Salem (C), D.26, Syed kadhar Street,Salem (C), D.26, Syedjaffer Street,Salem (C), D.27, Omalur Main Road,Salem (C), D.27, Parvathipuram Layout"
136,272,0,202,1,0,27,59,1,0,0,0,1,DMK,AIADMK,MNM,NTK,BSP,-70,563,4,0,567,"St. Marys Girls HSS, Arisipalayam, IInd Room From The Main
Building East Side,Facing North","Salem (C), D.26,Malli Street,Salem (C), D.27,Arisipalayam main road"
137,301,1,140,1,0,35,33,2,0,0,0,2,DMK,AIADMK,NTK,MNM,AMMK,-161,515,5,0,520,"St.Marys Girls HSS, Arisipalayam, IIIrd Room FromThe Main
Building  East Side,Facing North","Salem (C), D.27, Narayanasamipuram St,Elango St, (Housing Unit),Salem (C),
D.27,Chinnababustreet,Salem (C), D.27,Veeran Nilam"
138,379,1,311,1,0,28,81,6,1,0,0,0,DMK,AIADMK,MNM,NTK,AMMK,-68,808,7,0,815,"St.Marys Girls HSS, Arisipalayam, IVth Room from the Main
Building East Side, Facing North","Salem (C), D.27,Bajanai madam Street,Salem (C), D.27,Lada kuppu street,Salem
(C), D.27,Narayanasamipuram"
139,425,0,326,1,0,30,67,2,0,0,0,3,DMK,AIADMK,MNM,NTK,INDs,-99,854,8,0,862,"SCMC 26 Division Sanitary Inspector Office, Periyakinaru Street, Saminathapuram, Terraced Building Facing East","Salem (C), D.26,Dr. Rathinam Street,Salem (C), D.26,Maruthanayagam Street,Salem (C), D.26.Periakinaru Street"
140,397,1,413,1,1,45,59,3,0,0,0,5,AIADMK,DMK,MNM,NTK,INDs,0,925,13,0,938,"Integrated child development centre (Anganwadi) Manickam
Street,, Terraced Building Facing West","Salem (C), D.26, Manickam Street,Salem (C), D.26,Arthanari Street,Salem (C),
D.26.Vaithilingam Street"
141,333,2,342,1,0,25,70,1,0,0,0,6,AIADMK,DMK,MNM,NTK,INDs,0,780,3,0,783,"SCMC Middle School, Dhamodaran Street Arisipalayam Salem- 636009, North Facing Terraced Building West Wing","Salem (C), D.26,Annamalai Street,Salem (C), D.26,Anthonysamy Street,Salem (C), D.26,Rajakannu Street,Salem (C), D.26,Saminathapuram Main Road"
142,417,2,386,0,0,77,45,4,1,0,0,8,DMK,AIADMK,NTK,MNM,INDs,-31,940,5,0,945,"Integrated Child Development Centre (Anganwadi) Alraj Street Saminathapuram Centre 51, Divisin 2, Terraced Building Facing
South","Salem (C), D.26,Gowramma Colony,Salem (C), D.26,Rajendramill Colony,Salem (C), D.26,Saminathapuram (Alraj Street)"
143,209,0,284,0,2,30,40,3,0,0,0,3,AIADMK,DMK,MNM,NTK,AMMK,0,571,5,0,576,"28th Division Sanitary Inspector Office, Chariman Ayyasamy Road, Paal Market Family Welfare Extn. Officer Training Centre Compound,Salem-636002, South Facing Terraced Building","Salem (C), D.28, Angalamman Koil Street,Salem (C), D.28, Kasi Viswanathan Street,Salem (C), D.28, Mari Street"
144,108,4,261,2,0,19,16,3,2,0,0,1,AIADMK,DMK,NTK,MNM,NPP,0,416,4,0,420,"28th Division Sanitary Inspector Office, Chariman Ayyasamy Road, Paal Market Family Welfare Extn. Officer Training Centre Compound, Salem-636002, North Facing Terraced Building","Salem (C), D.28, Chairman Ayyasamy Street,Salem (C), D.28, Police Petrol Road,Salem (C), D.28, Venkatraman Street"
145,130,1,260,0,0,13,41,0,0,0,0,1,AIADMK,DMK,MNM,NTK,NPP,0,446,5,0,451,"SCMC Noon Meal  Center, Ayyasamy Road , Paal Market, West
Facing Asbestors Building","Salem (C), D.28,Bangaru Street,Salem (C), D.28,Longly Road,Salem (C),
D.28,Navalar Nedunjezhian Road,Salem (C), D.28,Shevapet Agraharam"
146,273,1,308,0,0,15,27,1,0,0,0,4,AIADMK,DMK,MNM,NTK,INDs,0,629,4,0,633,"SCMC Ele.School, Narasimman Road Shevapet 636002, New
Terraced Building Facing East Northern portion","Salem (C), D.28,Narasimman Road,Salem (C), D.28,Narasimman Road (Soukku
Thoppu)"
147,152,0,336,1,0,24,17,2,0,0,0,5,AIADMK,DMK,NTK,MNM,INDs,0,537,3,0,540,"SCMC Middle School, Narasimman Road Shevapet, Terraced
Building Facing East Middle portion","Salem (C), D.28,Narasimman Road"
148,202,2,301,1,0,14,15,4,0,0,0,5,AIADMK,DMK,MNM,NTK,INDs,0,544,4,0,548,"SCMC Middle School, Narasimman Road, Shevapet,-636002, New Terraced Building Facing East Southern Portion","Salem (C), D.28,Narasimman Road,Salem (C), D.28,Narasimman Road (Appartments),Salem (C), D.28,Narasimman Road(Kudisai Paguthi)"
149,247,0,380,1,0,20,12,0,0,0,0,2,AIADMK,DMK,NTK,MNM,INDs,0,662,4,0,666,"Jayarakini Boys Middle School, Santhaipetti Main Road-
636002, Terraced Building Facing North, South Building","Salem (C), D.28,Narasimman Road"
150,246,3,317,1,1,27,39,2,0,0,1,1,AIADMK,DMK,MNM,NTK,NPP,0,638,11,0,649,"Jayarakini Boys Middle School, Santhaipetti Main Road,
Terraced Building Facing South, East Wing","Salem (C), D.28,Appasamy Street,Salem (C), D.28,Rajavadhani Street,Salem (C),
D.28,Vela Street,Salem (C), D.30,Narayanan Street"
151,277,1,254,1,1,17,40,3,0,0,0,2,DMK,AIADMK,MNM,NTK,AMMK,-23,596,2,0,598,"Jeyarakini Boys Middle School, Santhaipettai Main Road- 636002, Northern Side building IInd Room From West Side
Facing South","Salem (C), D 28, Chairman Madurai Street,Salem (C), D 28, Chinnamaran Street,Salem (C), D 28, Subramanian Street"
152,413,3,295,0,0,25,57,4,1,0,0,5,DMK,AIADMK,MNM,NTK,INDs,-118,803,8,0,811,"Jayarakini Boys Middle School, Salem-636002, East Portion RoomNo.4 of South Facing North Side Terraced Building","Salem (C), D.28,Chairman Rathinasamy Street,Salem (C), D.28,Madhakoil Street,Salem (C), D.28,Old Market Street"
153,321,2,384,0,1,35,84,3,0,0,0,4,AIADMK,DMK,MNM,NTK,INDs,0,834,3,0,837,"St. Patricks Primary Girls School ABL, I-A,  Shevapet, Salem- 636002, Facing South Terraced Building Middle Wing","Salem (C), D.28,Chairman Jaganathan Street,Salem (C), D.28,Deivanayagam Street,Salem (C), D.28,Sandaipet Main road"
154,444,6,318,0,0,23,16,2,0,0,0,5,DMK,AIADMK,NTK,MNM,NPP,-126,814,2,0,816,"St.Patricks Primary Gilrs School ABL, I-D, , Shevapet, Salem- 636002, Facing South Terraced Building Middle Wing","Salem (C), D.28, Gandhi Nagar,Salem (C), D.28,Gandhi Nagar (Appartment House),Salem (C), D.28,Gandhinagar Kudisai Paguthi,Salem (C), D.28,Singarapet"
155,208,1,338,1,0,33,30,4,0,0,0,7,AIADMK,DMK,NTK,MNM,INDs,0,622,8,0,630,"Manurkula Devanga Ele.School, Vasagasalai Street, Eastern Portion Facing South Terraced Building","Salem (C), D.28,Chennakrishnan Street,Salem (C), D.28,Kuppusamy Street,Salem (C), D.28,Longly Road StreetNo.2,Salem (C), D.28,Longly Road
StreetNo.3,Salem (C), D.28,NallaThangal Street"
156,111,0,423,6,0,14,46,4,0,0,0,0,AIADMK,DMK,MNM,NTK,BSP,0,604,4,0,608,"Manurkula Devanga Ele.School, Vasagasalai Street-636002, Terraced Building South Facing Middle Portion","Salem (C), D.29,Govindan Street,Salem (C), D.29,Lakshmi Iyer Street,Salem (C), D.29,Managuru Gopalsamy Street,Salem (C), D.29,Muniappan Koil Street,Salem (C), D.29,Navalar Nedunchezhian Salai,Salem (C), D.29,Rudrappan Street"
157,321,0,554,3,0,20,40,1,0,0,1,3,AIADMK,DMK,MNM,NTK,BSP,0,943,12,0,955,"Manurkula Devanga High School Shevapet-636002, East Wing Facing North Terraced Building","Salem (C), D 29, Arthanari Street,Salem (C), D 29, Arunachalam Street,Salem (C), D 29, Devanga Pilliar Koil Street,Salem (C), D 29, Sambalinga Moorthy
Street,Salem (C), D 29, Vasagasalai Street"
158,257,1,597,2,0,19,71,2,0,0,0,4,AIADMK,DMK,MNM,NTK,INDs,0,953,15,0,968,"Manurkula Devanga High School, Shevapet-636002, West Wing Facing North Terraced Building","Salem (C), D.29,Kumarasamy Street,Salem (C), D.29,Madurai Kuppaiar Street,Salem (C), D.29,Pethapai Sandu,Salem (C), D.29,Rendala Govindan Street,Salem (C), D.29,Thottuchandraiar street,Salem (C), D.29,Vaithi Street"
159,207,0,379,0,0,23,43,14,0,0,0,0,AIADMK,DMK,MNM,NTK,AMMK,0,666,4,0,670,"Manurkula Devanga Ele.School, Vasagasalai Street, Terraced Building Facing South, Western Wing","Salem (C), D.29.Chairman Venkadappan Road,Salem (C), D.29.Devangapuram Extension,Salem (C), D.29.Devangapuram Newstreet,Salem (C), D.29.Devangapuram Street (G.H.Backside),Salem (C), D.29.Jambulingam Street"
160,284,1,328,1,1,24,51,2,0,0,0,3,AIADMK,DMK,MNM,NTK,INDs,0,695,7,0,702,"Vasavi Ele School, Andal Street, Shevapet, Salem-636002, East Facing Room No.1 North Portion of Terraced Building","Salem (C), D.30,Mariamman Koil Street,Salem (C), D.30,Muthusamy Street,Salem (C), D.30,Pilliar Koil Street"
161,140,1,211,0,0,10,32,2,0,0,0,1,AIADMK,DMK,MNM,NTK,AMMK,0,397,3,0,400,"Vasavi Ele School, Andal Street, Shevapet, Salem-636002, South Portion Room No.2 of East Facing Terraced Building","Salem (C), D.30,Andal Street,Salem (C), D.30,Thandan Street,Salem (C), D.30,Thiruvalluvar Street"
162,202,1,261,0,0,25,40,6,0,0,0,1,AIADMK,DMK,MNM,NTK,AMMK,0,536,4,0,540,"SCMC HS, Appu Street-636002, Terraced Building Facing South
3rd Room from Eastern Side","Salem (C), D.30, Madhavarayan Street,Salem (C), D.30, Venkatakrishnan Street"
163,192,1,250,2,0,14,41,0,0,0,0,3,AIADMK,DMK,MNM,NTK,INDs,0,503,6,0,509,"SCMC High School, Appu Street, Shevapet, Salem-636002, East Side 2nd Room of South Facing Terraced Building","Salem (C), D 30, Appustreet,Salem (C), D 30, Sundaram Street"
164,428,0,313,0,0,14,24,4,0,0,0,0,DMK,AIADMK,MNM,NTK,AMMK,-115,783,6,0,789,"SCMC High School, Appu Street, Shevapet, Salem-636002, 2nd Room From East Side of North Facing Terraced Building","Salem (C), D 30, Karikalan Street,Salem (C), D 30, Nagaier Street,Salem (C), D.30,
Baikara Street,Salem (C), D.30, Majeeth Street,Salem (C), D.30, Mukdhumstreet,Salem (C), D.30, Syedkadhar Street"
165,177,1,380,0,3,17,40,0,0,0,0,3,AIADMK,DMK,MNM,NTK,MGR MK,0,621,2,0,623,"SCMC High School, Appu Street, Salem-636002, West Portion
of North Facing Terraced Building","Salem (C), D.30, Bharathidasan Street,Salem (C), D.30, Kabilar Street"
166,202,1,423,3,0,9,40,0,0,0,0,1,AIADMK,DMK,MNM,NTK,BSP,0,679,4,0,683,"Sowrastra Vidhayala Middle School, Manickam Street, Shevapet, Salem-636002, First Portion of East Facing Terraced Building","Salem (C), D.30,Adhiraman Nandavanam Street,Salem (C), D.30,Kandasamy Pillai Street1,Salem (C), D.30,Kandasamy Pillai Street2,Salem (C), D.30,Mannar Nandavanam Street,Salem (C), D.30,Muthavalli Ibrahim Street,Salem (C), D.30,Panduranganathar Koil  Street"
167,238,0,423,1,0,9,46,2,0,0,0,7,AIADMK,DMK,MNM,NTK,INDs,0,726,7,0,733,"Sowrastra Vidhayala Middle School,Manickam Street, Shevapet-636002, Facing East, Third Portion","Salem (C), D 30, Arokiyanathar Street,Salem (C), D 30, Manickam Street,Salem (C), D 30, Muthansubbaiar Street,Salem (C), D 30, Seshasalam Street,Salem (C),
D 30, Syedmathar Street"
168,218,1,393,1,4,16,35,4,0,0,0,0,AIADMK,DMK,MNM,NTK,MGR MK,0,672,2,0,674,"Govt. Blind School, Bungalow Street, Shevapet,Salem-636002,
South Facing East Side Terraced Building","Salem (C), D.30,Bungalow Street,Salem (C), D.30,Nandavanam Street"
169,109,1,311,0,0,10,17,1,0,0,0,4,AIADMK,DMK,MNM,NTK,INDs,0,453,2,0,455,"Govt. Blind School, Bungalow Street, Shevapet,Salem-636002, Centre Portion of South Facing New Terraced Building","Salem (C), D.30,Saibaba Street,Salem (C), D.30,Vasulu street"
170,177,1,598,1,0,16,63,5,0,0,0,2,AIADMK,DMK,MNM,NTK,AMMK,0,863,1,0,864,"Govt. Blind School, Shevapet Salem-636002, Northern Buildingt East Portion Facing South","Salem (C), D 30, Achuraman Street,Salem (C), D 30, Adhiraman Street,Salem (C), D 30, Adhivenkatachalapathy Street,Salem (C), D 30, Thandavarayan
Street,Salem (C), D 30, Venkatraman Street"
171,890,0,62,1,1,17,13,4,0,0,0,4,DMK,AIADMK,NTK,MNM,AMMK,-828,992,3,0,995,"SCMC Jubilee Ele.School, Jalalkhan Street, Fort-636001, First
Room, Facing West","Salem (C), D 31, Jalalkhan Street,Salem (C), D 31, Janian Street,Salem (C), D 31,
Mohammad Kasim Street"
172,438,1,447,0,0,29,57,8,1,0,0,3,AIADMK,DMK,MNM,NTK,AMMK,0,984,9,0,993,"SCMC Jubilee Ele.School, Jalalkhan Street, Fort-636001, Second Room Facing South","Salem (C), D 31, Syedjalalkhan Street,Salem (C), D.31,Christian Pet,Salem (C), D.31,Ram Nagar(Cristianpet),Salem (C), D.31,Thuppakkisalai,Salem (C),
D.31,Varadhappan Street"
173,685,2,168,1,0,31,26,5,0,0,0,2,DMK,AIADMK,NTK,MNM,AMMK,-517,920,1,0,921,"SCMC HSS, Navalar Nedunzhilian Road, Fort, Salem-636001, Room No.4 West Facing Terraced Building","Salem (C), D.31, Backside of Gosha Hospital  (Anna Nagar),Salem (C), D.31,Church Compound (Market Street),Salem (C), D.31,Navalar Nedunchezhian Salai,Salem (C), D.31,Paul Street,Salem (C), D.31,Thalaivetti
Muniappan Koil Street"
174,410,3,326,0,0,32,28,3,0,0,0,2,DMK,AIADMK,NTK,MNM,NPP,-84,804,2,0,806,"SCMC HSS, Navalar Nedunzhilian Road, Fort, Salem-636001,
Room No.20 of North Facing Terraced Building","Salem (C), D.31, Backside of Gosha Hospital  (Anna Nagar),Salem (C),
D.31,Market Street"
175,637,0,110,0,0,21,9,2,0,0,0,7,DMK,AIADMK,NTK,MNM,INDs,-527,786,4,0,790,"SCMC HSS, Navalar Nedunchezhian Road, Fort, Salem-636001,
Terraced Building Facing West, Room No 8","Salem (C), D.31,Dubal Ahamad Street,Salem (C), D.31,Venkatasamy Street"
176,682,0,145,1,2,20,18,2,1,0,0,2,DMK,AIADMK,NTK,MNM,MGR MK,-537,873,3,0,876,"SCMC HSS, Navalar Nedunjelian Road, Fort-636001, Terraced Building Facing West Room No.7","Salem (C), D.31,Habeebstreet,Salem (C), D.31.Chinnasamynaidu Street,Salem (C), D.31.Sannathi Street,Salem (C), D.31.Syedkasim Street"
177,426,2,208,0,1,24,39,2,0,0,0,3,DMK,AIADMK,MNM,NTK,INDs,-218,705,9,0,714,"Gokulanatha Hindu Mahajana,HSS, Salem Town-636001, Main Terraced Building Facing North Hall No 3","Salem (C), D 29, Bretts Road,Salem (C), D 29, Maraimalai Adikal Street,Salem (C), D 29, Mulluvadi 1,Salem (C), D 29, ThiagiVeeraiya Street Mulluvadi 2"
178,180,2,324,1,1,15,65,1,0,0,0,0,AIADMK,DMK,MNM,NTK,NPP,0,589,4,0,593,"Gokulanatha Hindu Mahajana,HSS, Salem, Terraced Main Building Facing North, Eastern Portion Hall No 1","Salem (C), D.29,Dr.Ramanathan Street,Salem (C), D.29,SivaSami Street,Salem (C), D.29,Sornambigai Street,Salem (C), D.29Town Railway Station Road"
179,387,1,268,2,0,39,35,5,0,0,0,4,DMK,AIADMK,NTK,MNM,AMMK,-119,741,7,0,748,"Gokulanatha Hindu Mahajana,HSS, Salem-636001, Terraced Main Building Facing North, Western Portion Hall No 5","Salem (C), D.29,Andal Street,Salem (C), D.29,Kannan Street,Salem (C), D.29,Mettu Pilliar Koil Street,Salem (C), D.29,Somu Street,Salem (C),
D.29,Srinivasan Street"
180,495,0,270,1,1,17,43,4,0,0,0,1,DMK,AIADMK,MNM,NTK,AMMK,-225,832,6,0,838,"Gokulanatha Hindu Mahajana Higher Secondary School .
Salem, Terraced Main Building Facing North, Midle Potion Hall No 2","Salem (C), D 29, Dr. Subbarayan Road,Salem (C), D 29, Mettu Agraharam,Salem (C), D 29, Parkstreet"
181,470,0,344,0,0,33,45,2,0,0,0,4,DMK,AIADMK,MNM,NTK,INDs,-126,898,10,0,908,"Gokulanatha Hindu Mahajana Higher Secondary School . Salem, Terraced Main Building Facing North, Western Portion
Hall No 4","Salem (C), D 29, Cherarajan Road,Salem (C), D 29, MettuMariyamman Koil Street,Salem (C), D 29, Pandiarajan Street,Salem (C), D.29, Serarajan St.
Appartments"
182,799,2,104,0,1,14,21,13,0,0,0,3,DMK,AIADMK,MNM,NTK,AMMK,-695,957,7,0,964,"SCMC Middle School, Car Street 2nd Agraharam Salem- 636001, New Terraced Building Middle Wing Facing South","Salem (C), D 32,  Mettu Makkan Street,Salem (C), D 32, Mariamman Koil Street,Salem (C), D 32, Mettu Musjith Street"
183,409,1,288,0,0,20,40,3,0,1,0,2,DMK,AIADMK,MNM,NTK,AMMK,-121,764,4,0,768,"SCMC Middle School, Car Street 2nd Agraharam Salem- 636001, New Terraced Building West Wing Facing South","Salem (C), D 32 , Angalaman koil street,Salem (C), D 32, Chairman Rajarathinam Street,Salem (C), D 32, First Agraharam,Salem (C), D 32, First Agraharam River
Side Street"
184,256,1,300,2,0,31,53,1,0,0,0,2,AIADMK,DMK,MNM,NTK,BSP,0,646,5,0,651,"SCMC Middle School, Car Street, 2nd Agraharam-636001,
North Hall East Side Room Facing south","Salem (C), D 32, Arasamaram Pilliar Koil Street,Salem (C), D 32, Kasimuniappan
Koil Street,Salem (C), D 32, Sankaralayam Road"
185,348,1,385,5,1,24,54,6,0,0,0,2,AIADMK,DMK,MNM,NTK,AMMK,0,826,2,0,828,"SCMC Middle School Employees Thirft Co Op Society Car Street
2ndAgraharam, Facing East North Portion","Salem (C), D 32, Arasamaram Pilliar Koil North Street,Salem (C), D 32, Kutti
vaithiar Street,Salem (C), D 32, Riverside Street"
186,185,2,296,0,0,25,56,4,0,0,0,1,AIADMK,DMK,MNM,NTK,AMMK,0,569,12,0,581,"SCMC Middle School, Car Street, Salem-636001, South Portion of East Facing Noon Meal Centre Terraced Building","Salem (C), D 32, Car Street,Salem (C), D 32, Milakaikara Street,Salem (C), D 32, Narayanan Street,Salem (C), D 32, Second Agraharam,Salem (C), D 32,
Sidhanstreet"
187,560,1,192,0,0,25,20,3,0,0,0,1,DMK,AIADMK,NTK,MNM,AMMK,-368,802,5,0,807,"SCMC Middle School,Compound Car Street, 2nd Agraharam,
Sanitary Inspectors Office, Terraced Building Facing North West Wing","Salem (C), D 33, Athiaman Street"
188,596,2,148,0,1,18,42,7,0,0,0,5,DMK,AIADMK,MNM,NTK,AMMK,-448,819,3,0,822,"SCMC Ele.School, Arunachalam Street, New Terraced Building First Room East Side Facing North","Salem (C), D 32, Bazaar Street,Salem (C), D 32, Chenna krishnan Street,Salem (C), D 32, Land behind the Jumma Musjith,Salem (C), D32, Sewage Faram,Salem
(C), K 32, Arunachalam Street"
189,313,0,331,3,0,25,63,0,0,0,0,7,AIADMK,DMK,MNM,NTK,INDs,0,742,6,0,748,"SCMC Ele. School, Arunachalam Street, New Terraced Building
3rd Room West Wing Facing North","Salem (C), D 32, Kamarajar Street,Salem (C), D 32, Musjith Street,Salem (C), D
32, Periyar Street,Salem (C), D 33, BazaarStreet"
190,666,1,257,3,0,24,38,2,0,0,0,1,DMK,AIADMK,MNM,NTK,BSP,-409,992,6,0,998,"SCMC Ele.School, Market Street, Southern side of the School
Facing North East Wing","Salem (C), D 33, Mohammad Pura Street2,Salem (C), D 33,
Muthavallimohammad Yahoobstreet"
191,312,1,252,1,1,20,28,4,0,0,0,4,DMK,AIADMK,MNM,NTK,AMMK,-60,623,9,0,632,"Matharasaiye Karimiyaa Padasalai, Mohammedpuraa, Tiled
Building Facing North, North Wing","Salem (C), D 33, Mohammadpura Street3,Salem (C), D 33, Valmeegi Street"
192,763,0,72,0,1,11,19,6,0,0,0,0,DMK,AIADMK,MNM,NTK,AMMK,-691,872,1,0,873,"Matharasaiye Karimiyaa Padasalai, Mohammedpura, South
Portion of East Facing Terraced Building","Salem (C), D 33, Muthavallimohammad yahoob street,Salem (C), D33, Market
Street"
193,624,0,186,0,0,36,23,11,0,0,1,1,DMK,AIADMK,NTK,MNM,AMMK,-438,882,6,0,888,"SCMC Ele.School, Market Street, Southern side of the School, Facing North, West Wing","Salem (C), D 33, Azhad Street,Salem (C), D 33, Mohammad Pura Street Sandu2,Salem (C), D 33, Mohammad Pura Street1,Salem (C), D 33, Mohammad
PuraStreet Sandu1"
194,307,5,326,0,1,17,40,10,0,0,0,2,AIADMK,DMK,MNM,NTK,AMMK,0,708,8,0,716,"SCMC Urudhu Ele. School,Paavadi Vellakuttai-636001, South
Side Hall Facing East","Salem (C), D 32, Govindan Street,Salem (C), D 33, Kallanguthu Street,Salem (C),
D 33, Subramanian Street"
195,173,2,199,0,0,10,15,0,0,0,0,2,AIADMK,DMK,MNM,NTK,NPP,0,401,2,0,403,"SCMC Urudhu Ele. School,Paavadi  Vellakuttai, Salem-636001, North Portion of East Facing Terraced Building","Salem (C), D 33, Chittupilliar Koil Street,Salem (C), D 33, Devendrapuram Street1,Salem (C), D 33, Devendrapuram Street2,Salem (C), D 33, Devendrapuram Street3,Salem (C), D 33, Pochin Road"
196,210,1,437,1,1,32,67,0,0,0,0,6,AIADMK,DMK,MNM,NTK,INDs,0,755,14,0,769,"SCMC Ele.School, Bazaar Street,, Anna Pavazha Vizha Building
Facing South Terraced building","Salem (C), D 34, Krishnan Koil Sandhu,Salem (C), D 34, Krishnan Koil Street"
197,242,1,581,0,1,35,76,10,0,0,1,2,AIADMK,DMK,MNM,NTK,AMMK,0,949,15,0,964,"Salem City SSV Nursery School,Murari Varadaiyar Street,
Terraced Building Facing East, East Wing","Salem (C), D  34, Bungalow Street,Salem (C), D 34, Murarivaradhaiar
Street,Salem (C), D 34, Third Agraharam"
198,213,1,448,1,0,29,75,2,0,3,0,4,AIADMK,DMK,MNM,NTK,INDs,0,776,9,0,785,"Salem City SSV Nursery School, Murari Varadaiyer Street,
Terraced Building East Facing Middle Wing","Salem (C), D 34, Pennadam Venkatraman Street,Salem (C), D 34, Poochangottai
Street"
199,306,4,542,1,3,30,111,1,1,0,0,6,AIADMK,DMK,MNM,NTK,INDs,0,1005,11,0,1016,"SCMC Ele School, Paramakudi Nannusamy Street-636001,
Ground Floor Facing North East Wing","Salem (C), D 34, Paramakudi Nannusamy Street,Salem (C), D 34, Putta Nagaier
Street"
200,506,1,262,2,1,38,35,2,0,0,1,4,DMK,AIADMK,NTK,MNM,INDs,-244,852,7,0,859,"SCMC Ele School, Paramakudi Nannusamy Street, Terraced
Building Facing North West Portion","Salem (C), D 35, Thambi Kaliamman Koil Street"
201,293,0,342,1,0,24,49,4,0,0,0,2,AIADMK,DMK,MNM,NTK,AMMK,0,715,4,0,719,"SCMC Ele. School, Paramakudi Nannusamy Street, Salem-
636001, Terraced Building North Facing","Salem (C), D 34, Kanagaraj Ganapathy Street,Salem (C), D 34, Natesan Street"
202,161,2,158,0,0,14,25,3,0,0,0,1,DMK,AIADMK,MNM,NTK,AMMK,-3,364,3,0,367,"SCMC Ele. School, Paramakudi Nannusamy Street, Salem- 636001, Terraced Building West Portion Facing East South
Wing","Salem (C), D 34, Theerthagiri Road"
203,283,0,485,0,0,26,63,2,0,0,0,4,AIADMK,DMK,MNM,NTK,INDs,0,863,13,0,876,"SCMC Ele School, Paramakudi Nannusamy Steet-636001,
Terraced Building West Portion Facing East North Wing","Salem (C), D 34, Chairman Sadagopan Street,Salem (C), D 35, Pillaiyar koil street
2"
204,169,2,334,0,1,19,50,4,1,0,0,2,AIADMK,DMK,MNM,NTK,AMMK,0,582,9,0,591,"SCMC Ele School, Paramakudi Nannusamy street-636001, Terraced Building Facing North Western Side Last Room","Salem (C), D 34, Pillaiyar koil street 1"
205,296,1,368,0,0,35,54,1,0,0,0,3,AIADMK,DMK,MNM,NTK,INDs,0,758,7,0,765,"Indian Institute of Handloom Technology, Ponnammapet, Terraced Building West Portion South Facing Room No 1 (part)","Salem (C), D 11, Vasagasalai Street1,Salem (C), D 11, Vasagasalai Street2 (Singarapet)"
206,176,3,218,0,0,9,22,4,0,0,0,1,AIADMK,DMK,MNM,NTK,AMMK,0,433,0,0,433,"Indian Institute of Handloom Technology, Ponnammapet, Addl. New Building Facing South West Wing Second Room Part","Salem (C), D 11, Anairoad,Salem (C), D 11, I.I.H.T.Quarters,Salem (C), D 11, Thillainagar 1st cross,Salem (C), D 11, Thillainagar Main Road"
207,354,0,376,0,0,21,70,4,0,0,0,1,AIADMK,DMK,MNM,NTK,AMMK,0,826,6,0,832,"Indian Institute of Handloom Technology, Ponnammapet,
Salem-636001, West Portion of South Facing New Terraced Building Room-3 Part","Salem (C), D 11, Vasagasalai Street Main Road,Salem (C), D 11, Vasagasalai Street3"
208,315,1,450,2,0,38,75,4,0,0,0,8,AIADMK,DMK,MNM,NTK,INDs,0,893,7,0,900,"Indian Institute of Handloom Technology, Ponnammapet, Salem-636001, Main Entrance of South Facing Terraced
Building Room No-3","Salem (C), D 11, Thillainagar 3rd Cross,Salem (C), D 11, Thillainagar Street2,Salem (C), D 11, Vasagasalai Street4"
209,283,3,282,0,0,19,54,1,0,0,0,3,DMK,AIADMK,MNM,NTK,NPP,-1,645,8,0,653,"Indian Institute of Handloom Technology, Ponnammapet, Salem-636001, 2nd Room from South Facing West Portion of
New Terraced Building","Salem (C), D 11, Kuppu Street,Salem (C), D 11, Pandam Ramasamy Street"
210,348,1,313,0,0,23,58,1,0,0,0,0,DMK,AIADMK,MNM,NTK,NPP,-35,744,8,0,752,"Indian Institute of Handloom Technology, Ponnammapet, Salem-636001, Terraced Building Facing South West Portion
Second Room (Part)","Salem (C), D 11, Malli Street,Salem (C), D 11, Mariyamman Koil Street,Salem (C), D 11, Thillai Nagar Road 5"
211,309,0,327,0,0,26,28,3,0,0,0,3,AIADMK,DMK,MNM,NTK,AMMK,0,696,5,0,701,"SCMC Ele. School, Sengal Anai Road, Salem-636001, East
Portion of South Facing Terraced Building","Salem (C), D 10, P.L.Gopal Street"
212,341,0,475,5,0,41,45,5,0,0,0,12,AIADMK,DMK,MNM,NTK,INDs,0,924,3,0,927,"SCMC Ele. School, Sengal Anai Road, Salem-636001, 3rd Room
From West Side of North Facing Terraced Building","Salem (C), D 10, P.L.Gopal Street,Salem (C), D 10, Puthumariamman koil Street
(Pandian Street)"
213,239,1,258,0,0,29,45,2,0,0,0,0,AIADMK,DMK,MNM,NTK,AMMK,0,574,6,0,580,"SCMC High. School, Sengal Anai Road, Salem-636001, Western
Side Terraced Building Facing South","Salem (C), D 10, Sengal Anai Road,Salem (C), D 10, Veeranam Main Road"
214,225,1,286,2,0,16,16,4,1,0,1,2,AIADMK,DMK,NTK,NTK,AMMK,0,554,1,0,555,"SCMC Ele School, Sengal Anai Road, Salem-636001, East
Portion of North Facing Terraced Building Room No-1","Salem (C), D 10, Railway line north street2,Salem (C), D 10, Railwayline North
Street1"
215,201,2,312,2,0,24,11,2,0,0,0,2,AIADMK,DMK,NTK,MNM,NPP,0,556,1,0,557,"SCMC Ele School, Sengal Anai Road, Salem-636001, 2nd Room
of North Facing New Terraced Building","Salem (C), D 10, Railway line North Street4,Salem (C), D 10, Railwayline North
Street3"
216,298,3,383,0,0,54,45,0,0,0,0,0,AIADMK,DMK,NTK,MNM,NPP,0,783,4,0,787,"SCMC High School, Sengal Anai Road, Salem-636001, New
Terraced Building Western Wing Facing South","Salem (C), D 10, Desiapunaramaippu Colony,Salem (C), D 10, Vasagasalai Street"
217,288,1,326,2,1,31,24,6,0,0,0,4,AIADMK,DMK,NTK,MNM,AMMK,0,683,6,0,689,"SCMC Ele. School, Sengal Anai Road, Salem-636001, North
Facing New RMSA Building Room no 4","Salem (C), D 10, Puthumariamman Koil Street1"
218,286,0,240,0,0,21,38,3,0,0,0,0,DMK,AIADMK,MNM,NTK,AMMK,-46,588,8,0,596,"SCMC Ele School, Sengal Anai Road, Salem-636001, North
Facing New RMSA Building Room no 5","Salem (C), D 10, Puthumariamman Koil Street1"
219,296,1,336,1,0,29,22,3,0,0,0,9,AIADMK,DMK,NTK,MNM,INDs,0,697,7,0,704,"SCMC High School  Sengal Anai Road, Salem-636001, Terraced Building Facing South, West Wing (Near HM Room)","Salem (C), D 10, Puthumariamman Koil Street2"
220,408,2,441,1,0,47,63,8,0,1,1,4,AIADMK,DMK,MNM,NTK,AMMK,0,976,11,0,987,"SCMC High School, Sengal Anai Road, Salem-636001, East Portion of South Facing Terraced Building East Wing","Salem (C), D 10, Puthu mariamman koil Street2 (Thandavan naga,Salem (C), D 10, Puthumariamman koil Street2 (Sakthi Nagar)"
221,432,1,464,0,0,31,84,8,1,0,1,10,AIADMK,DMK,MNM,NTK,INDs,0,1032,10,0,1042,"SCMC Ele School, Sengal Anai Road-636001, Terraced Building
Facing South West wing (Near HM Room)","Salem (C), D 10, Puthumariamman Koil Street3"
222,342,2,269,1,0,18,42,1,0,0,0,4,DMK,AIADMK,MNM,NTK,INDs,-73,679,5,0,684,"SCMC High School, Sengal Anai Road, Salem-636001, South
Facing Terraced Building East Wing","Salem (C), D 10, Puthumariamman Koil Street3"
223,337,2,266,1,2,23,40,5,0,0,0,2,DMK,AIADMK,MNM,NTK,AMMK,-71,678,5,0,683,"Sowrastra High School, Chairman Ramalingam Street, Salem- 636001, East Portion of East Facing New Terraced Building","Salem (C), D 34, Kulasekara Azhwar Street,Salem (C), D 35, Railwayline South Street"
224,324,1,345,0,4,42,61,3,0,0,0,3,AIADMK,DMK,MNM,NTK,MGR MK,0,783,9,0,792,"Sowrastra Primary School, Chairman Sadagopan Street, Salem- 636001, Main Hall of Terraced Building West Portion Facing
West","Salem (C), D 34, Newstreet1,Salem (C), D 35, Pudu Street 2"
225,285,1,312,4,0,17,16,4,0,0,0,9,AIADMK,DMK,NTK,MNM,INDs,0,648,0,0,648,"Sowrastra Primary School, Chairman Sadagopan Street, Salem- 636001, Terraced Building Main Centre Hall Facing West","Salem (C), D 35, Carpet Street"
226,420,0,366,3,0,24,18,2,0,0,0,3,DMK,AIADMK,NTK,MNM,BSP,-54,836,2,0,838,"Sowrastra Primary School, Chairman Sadagopan Street,,
Terraced Building West Facing East Side Main Hall","Salem (C), D 35, Railway Line South Street"
227,380,1,177,1,4,32,40,2,0,0,0,3,DMK,AIADMK,MNM,NTK,MGR MK,-203,640,5,0,645,"Sowrasthra High School, Chairman Ramalingam Street-636001,
Terraced building west portion facing south","Salem (C), D 35, Newstreet3,Salem (C), D 35, Railwayline South Street"
228,318,2,333,0,0,35,41,7,0,0,0,4,AIADMK,DMK,MNM,NTK,AMMK,0,740,11,0,751,"SCMC Ele.School, T.V.K. Road, Terraced Building Facing West South Portion","Salem (C), D 35, Jothi Talkies South Street 1 (Balaji Nagar 1st Cross),Salem (C), D 35, Jothi Talkies South Street1,Salem (C), D 35, Jothi Talkies South Street1 (Balaji Nagar Main Road),Salem (C), D 35, Jothi Talkies South Street1 (Karthik Nivas),Salem (C), D 35, Jothi Talkies South Street1, (Balaji Nagar 4th Cross),Salem (C), D 35, Jothi Talkies South Street2,Salem (C), D 35, Jothitalkies west street(Pallukuchi Street)"
229,462,1,312,0,0,48,55,5,0,0,0,4,DMK,AIADMK,MNM,NTK,AMMK,-150,887,6,0,893,"SCMC Ele.School, T.V.K. Road, Salem-636003, New Terraced Building facing North, East Wing","Salem (C), D 35, Jothi Talkies Road,Salem (C), D 35, Jothi Talkies South Street2 (Balaji Nagar 2, 3rd Cross),Salem (C), D 35, Jothi Talkies South Street2 (Balaji Nagar 4th Cross),Salem (C), D 35, Jothi Talkies South Street3, (Angalamman
Street)"
230,480,2,215,0,1,35,26,17,0,0,0,14,DMK,AIADMK,NTK,MNM,AMMK,-265,790,8,0,798,"SCMC Ele.School, T.V.K. Road-636003, East Terraced Building
East Portion Facing North","Salem (C), D 35, Devangar Street,Salem (C), D 35, Jothi Talkies Road (Bharathiar
Street),Salem (C), D 35, Kumaran Colony"
231,500,1,252,3,0,24,23,4,0,0,0,4,DMK,AIADMK,NTK,MNM,AMMK,-248,811,6,0,817,"SCMC Ele.School, T.V.K. Road, Salem-636003, West Portion of
South Facing New Terraced Building","Salem (C), D 35, Jothi talkies Road,Salem (C), D 35, Mariudayar Street,Salem (C),
D 35, Sanikuttai Street"
232,560,3,446,2,0,68,24,7,1,0,0,5,DMK,AIADMK,NTK,MNM,AMMK,-114,1116,4,0,1120,"SCMC Ele.School, T.V.K.Road, Salem-636003, West Facing
Anganwadi Block New Building","Salem (C), D 35, Jothitalkies west street"
233,408,1,489,2,0,50,53,5,1,0,1,3,AIADMK,DMK,MNM,NTK,AMMK,0,1013,12,0,1025,"SCMC Ele.School, T.V.K.Road, Terraced Building Facing East","Salem (C), D 35, Market Street1,Salem (C), D35, Rajaganapathy Street"
234,283,2,346,0,0,36,22,1,0,0,0,1,AIADMK,DMK,NTK,MNM,NPP,0,691,3,0,694,"SCMC Ele. School, T.V.K.Road, Salem-636003, Terraced
Building Facing North West Wing","Salem (C), D 36, Govindarajan Street,Salem (C), D 36, Pidariamman Koil
Street,Salem (C), D 36, Shanmugam Street"
235,314,3,250,1,0,29,32,0,0,0,0,4,DMK,AIADMK,MNM,NTK,INDs,-64,633,7,0,640,"Village Chavadi, TVK.Road-636003, Tiled  Building Facing south","Salem (C), D 35, Jothitalkies road east street"
236,264,1,401,2,0,28,49,14,1,0,0,3,AIADMK,DMK,MNM,NTK,AMMK,0,763,5,0,768,"Village Chavadi, TVK.Road, Salem-636003, East Facing Terraced
Building","Salem (C), D 35, Market Street2"
237,379,2,361,3,0,36,55,3,1,0,0,3,DMK,AIADMK,MNM,NTK,BSP,-18,843,5,0,848,"SCMC Middle School, Ellappan Street, Salem-636003, Terraced Building Facing South Eastern Wing","Salem (C), D 35, Military Road,Salem (C), D 36, Azhagappan Street,Salem (C), D 36, Desigan Street,Salem (C), D 36, Venkatachalam Street"
238,379,2,404,2,0,42,39,4,0,0,1,8,AIADMK,DMK,NTK,MNM,INDs,0,881,9,0,890,"SCMC Ele. School, Marimuthu Street, Salem, West Portion of
North Facing Terraced Building","Salem (C), D.36,Krishnan Pudur"
239,154,1,212,1,0,19,16,1,1,0,0,8,AIADMK,DMK,NTK,MNM,INDs,0,413,5,0,418,"SCMC Ele. School, Marimuthu Street,, North Facing Terraced
Building East Wing","Salem (C), D.36,Krishnan Pudur"
240,229,1,260,0,0,20,38,4,0,0,0,3,AIADMK,DMK,MNM,NTK,AMMK,0,555,8,0,563,"SCMC Middle School, Ellappan Street, 2nd Room of the
Northern Side Facing West Terraced Building","Salem (C), D 36, Achimuthu Street,Salem (C), D 36, Kandasamy Street,Salem (C),
D 36, Military Street"
241,323,1,364,0,0,29,49,3,0,0,0,5,AIADMK,DMK,MNM,NTK,INDs,0,774,6,0,780,"SCMC Middle School, Ellappan Street, Salem-636003, 3rd Room of West Facing Terraced Building","Salem (C), D 36, Adhiselvaganapathy Street,Salem (C), D 36, Adhiselvan Street,Salem (C), D 36, Kandappan Street,Salem (C), D 36, Muniappan Koil
Street,Salem (C), D 36, Venkatachalam Street"
242,365,1,483,1,0,30,64,5,0,0,0,3,AIADMK,DMK,MNM,NTK,AMMK,0,952,16,0,968,"SCMC Middle. School, Ellappan Street, Salem-636003, West Facing Terraced Building Room No 4","Salem (C), D 35, Kaveri Street,Salem (C), D 36, Kanagasabapathy Street,Salem (C), D 36, Narayanan Street,Salem (C), D 36, Sankaran Kadu,Salem (C), D 36, Sundaraganapathy Street,Salem (C), D 36, Vyapuri Street"
243,436,2,474,2,0,52,68,1,0,0,0,3,AIADMK,DMK,MNM,NTK,INDs,0,1038,5,0,1043,"SCMC Middle School, Ellappan Street, Salem-636003, Facing East South Wing Terraced Building","Salem (C), D 36, Ellappan Street,Salem (C), D 36, Kolandan Street,Salem (C), D 36, PandariNathar Street1,Salem (C), D 36, Pandarinathar Street2"
244,445,5,444,1,0,52,15,0,0,0,10,4,DMK,AIADMK,NTK,MNM,API,-1,976,6,0,982,"SCMC Indiragandhi HSS, T.V.K. Road, Terraced Building Facing
East South Portion Room No.3","Salem (C), D 36, Nanjampatty sekkilar street (Parisumudaliarkadu),Salem (C), D
36, Nanjampatty Slum"
245,532,4,455,2,1,46,5,1,0,0,16,10,DMK,AIADMK,NTK,API,INDs,-77,1072,4,0,1076,"SCMC Indiragandhi HSS, T.V.K. Road, South Portion Terraced
Building Facing East","Salem (C), D 36, Nanjampatty Sekkizhar Street"
246,113,0,127,0,0,19,11,0,0,1,0,2,AIADMK,DMK,NTK,MNM,INDs,0,273,2,0,275,"SCMC Adhiselvan Ele. School, Ammapet, Salem-636003,
Terraced Building Facing North 1st Room","Salem (C), D 36,CuddaloremainRoad NorthExtension(Bharathi St)"
247,478,2,374,3,0,53,41,2,1,2,0,18,DMK,AIADMK,NTK,MNM,INDs,-104,974,10,0,984,"SCMC Adhiselvan Ele. School, Ammapet, Salem-636003, New Terraced Building Facing North 2nd Room of Centre Portion","Salem (C), D 36, Cuddalore Main Road North Extension"
248,259,0,349,1,0,34,25,4,0,0,1,7,AIADMK,DMK,NTK,MNM,INDs,0,680,3,0,683,"SCMC Ele. School, Adhiselvan Street, Ammapet, Salem-636003, 3rd Room of North Facing New Terraced Building","Salem (C), D36, Cuddalore main road south extension"
249,408,1,514,0,0,35,30,5,1,1,0,0,AIADMK,DMK,NTK,MNM,AMMK,0,995,7,0,1002,"Sri Vivekananda Patasalai Matriculation School, Sathya Nagar
North Ammapet Salem-636003, Terraced Building Facing North (Room No.1)","Salem (C), D,9, M.G.R. Nagar,Salem (C), D.9, Mannarpalayam,Salem (C), D.9, Sathya nagar"
250,407,1,480,2,0,42,41,1,1,0,0,5,AIADMK,DMK,NTK,MNM,INDs,0,980,10,0,990,"Sri Vivekananda Patasalai Matriculation School, Sathya Nagar North Ammapet Salem-636003, Terraced Building Facing
North (Room No.2)","Salem (C), D.9, Indira nagar,Salem (C), D.9, Sathya nagar,Salem (C), D.9, Seelavari Earikarai"
251,378,2,438,2,0,40,54,5,0,0,0,3,AIADMK,DMK,MNM,NTK,AMMK,0,922,12,0,934,"SCMC Ele School, Vaikkalpattarai Ammapet North, Salem- 636003, New Terraced Building Facing South, East Wing","Salem (C), D.9, Puduvalaivu,Salem (C), D.9, Vaikalpattarai,Salem (C), D.9,Seelavari Erattaikinaru"
252,351,1,414,2,1,36,82,4,0,0,0,4,AIADMK,DMK,MNM,NTK,AMMK,0,895,14,0,909,"SCMC Ele School, Vaikkalpattarai Ammapet North, Salem- 636003, New Terraced Building Facing South Centre Portion","Salem (C), D.9, Modern Buildings,Salem (C), D.9, N.G.G.O. Colony,Salem (C),
D.9, Seelavari Tamilnadu Housing Board,Salem (C), D.9, Thathampatty,Salem (C), D.9,Poonjolai Village"
253,187,1,393,0,0,25,23,2,1,1,0,5,AIADMK,DMK,NTK,MNM,INDs,0,638,3,0,641,"SCMC Ele School, Vaikkalpattarai Ammapet North, Salem- 636003, New Terraced Building Facing South west Potion","Salem , D.9. Sengal anai road"
254,243,1,408,4,0,41,16,1,0,0,0,11,AIADMK,DMK,NTK,MNM,INDs,0,725,7,0,732,"SCMC High School, Vaikkalpattarai Ammapet North, Salem-
636003, South Portion of north wing facing East","Salem (C), D.9, Valkadu,Salem (C), D.9. Sengal anai road"
255,506,2,576,1,0,41,27,7,0,0,0,4,AIADMK,DMK,NTK,MNM,AMMK,0,1164,7,0,1171,"Sri Vivekananda Patasalai Matriculation School, Sathya Nagar
North Ammapet Salem-636003, Terraced Building Facing North (Room No.3)","Salem (C), D.9, Krishnapudur koyyathoppu"
256,372,4,407,1,0,44,45,6,0,0,0,2,AIADMK,DMK,MNM,NTK,AMMK,0,881,6,0,887,"SCMC High School, Vaikkalpattarai, Ammapet North, Salem-
636003, Terraced Building South Wing Facing East","Salem (C), D.9, Ramamoorthy pudur"
257,479,3,460,3,1,51,27,1,0,0,1,10,DMK,AIADMK,NTK,MNM,INDs,-19,1036,2,0,1038,"SCMC Middle School, Thathampatty, Facing South Terraced Building East Wing","Salem (C), D,9, Bajanai madam street,Salem (C), D,9, Eari street,Salem (C), D,9, Kandasamy kovil street,Salem (C), D,9, Manmatharajan street,Salem (C), D,9, Mariamman kovil street,Salem (C), D,9, Samy nagar,Salem (C), D,9. Kannadiar
street"
258,426,0,331,1,0,40,80,2,0,0,0,3,DMK,AIADMK,MNM,NTK,INDs,-95,883,12,0,895,"SCMC Middle School, Thathampatty, South Facing West Portion Terraced Building","Salem (9), D,9, Tank street,Salem (C), D,9, Periyanna Udayar street,Salem (C), D,9, S.K.Township,Salem (C), D,9, Society street,Salem (C), D.9. Soolakara
Udayar street"
259,346,3,494,4,0,27,20,0,0,0,0,5,AIADMK,DMK,NTK,MNM,INDs,0,899,3,0,902,"SCMC Middle School, Allikuttai, New Terraced Building Facing
West East Middle Wing","Salem (C), D,9, Allikuttai,Salem (C), D,9, Gangapudur,Salem (C), D,9, kangapudur"
260,570,1,410,0,0,46,44,0,0,0,0,4,DMK,AIADMK,NTK,MNM,INDs,-160,1075,10,0,1085,"SCMC Middle School, Allikuttai, Salem-636003, South Portion
of West Facing New Terraced Building","Salem (C), D,9, venkatachalam colony"
261,347,3,513,2,0,39,16,2,1,0,1,7,AIADMK,DMK,NTK,MNM,INDs,0,931,8,0,939,"SCMC Middle School, Allikuttai, Salem-636003, New Terraced
Building Facing West, Northern Wing","Salem (C), D.9,Kondon Thoppu,Salem (C), DIV9, alikuttai main road"
262,337,1,378,3,0,35,16,3,0,0,0,2,AIADMK,DMK,NTK,MNM,BSP,0,775,4,0,779,"SCMC Middle School, Allikuttai, Salem-636003, South Portion
of West Facing Terraced Building","Salem (C), DIV,9, Allikuttai,Salem (C), DIV9, mariamman kovil street"
263,346,1,484,4,1,52,34,1,0,0,0,6,AIADMK,DMK,NTK,MNM,INDs,0,929,7,0,936,"SCMC Middle School, Allikuttai, Salem-636003, Terraced
Building Facing West North Wing","Salem (C), D,9, Muthugoundan Street, Allikuttai,Salem (C), D,9, Valluvar colony"
264,350,1,471,3,1,32,14,3,1,0,0,10,AIADMK,DMK,NTK,MNM,INDs,0,886,8,0,894,"SCMC Middle School, Allikuttai, Salem-636003, West Portion
South Facing Terraced Building Middle Wing","Salem (C), D,9,Mannarpalayam X Road,Allikuttai,Salem (C), D,9,Poyar Street
Aalamarathur, Allaikuttai"
265,260,0,340,3,0,30,25,2,0,0,0,4,AIADMK,DMK,NTK,MNM,INDs,0,664,6,0,670,"SCMC Middle School, Allikuttai, Salem-636003, Terraced
Building Facing South East Wing","Salem (C), D,9, seloan colony, ganapathi nagar,Salem (C), DIV9, Aasari
kadu,Salem (C), DIV9, Ramamurthi pudur"
266,318,1,329,2,1,29,41,2,0,0,0,15,AIADMK,DMK,MNM,NTK,INDs,0,738,7,0,745,"SCMC Middle School, Allikuttai, New Terraced Building Facing
South","Salem (C), DIV9, Gandhi nagar"
267,340,1,515,0,0,38,36,2,0,0,1,10,AIADMK,DMK,NTK,MNM,INDs,0,943,11,0,954,"SCMC Middle School, Allikuttai, Terraced Building Facing North
East wing","Salem (C), D,9, Gandhi nagar,Salem (C), D,9, Sootaiya goundar street"
268,353,2,542,1,0,48,26,5,0,0,0,4,AIADMK,DMK,NTK,MNM,AMMK,0,981,6,0,987,"SCMC Middle School, Allikuttai, Salem-636003, West Portion
of North Facing Terraced Building","Salem (C), D,9, Chinna Ammapattai,Salem (C), D,9, Jai matric school,Salem (C),
D,9, Narasinman kovil  street"
